id,reason
accountancy-2024-67-1-1-q1-1,9Router unavailable or not configured; placed in generic subject bucket
accountancy-2024-67-1-1-q1-1-or-b,9Router unavailable or not configured; placed in generic subject bucket
accountancy-2024-67-1-1-q2-2,9Router unavailable or not configured; placed in generic subject bucket
accountancy-2024-67-1-1-q3-3,9Router unavailable or not configured; placed in generic subject bucket
accountancy-2024-67-1-1-q7-7,9Router unavailable or not configured; placed in generic subject bucket
accountancy-2024-67-1-1-q8-8,9Router unavailable or not configured; placed in generic subject bucket
accountancy-2024-67-1-1-q9-9,9Router unavailable or not configured; placed in generic subject bucket
accountancy-2024-67-1-1-q10-10,9Router unavailable or not configured; placed in generic subject bucket
accountancy-2024-67-1-1-q12-12,9Router unavailable or not configured; placed in generic subject bucket
accountancy-2024-67-1-1-q13-13,9Router unavailable or not configured; placed in generic subject bucket
accountancy-2024-67-1-1-q15-15,9Router unavailable or not configured; placed in generic subject bucket
accountancy-2024-67-1-1-q18-18,9Router unavailable or not configured; placed in generic subject bucket
accountancy-2024-67-1-1-q19-19,9Router unavailable or not configured; placed in generic subject bucket
accountancy-2024-67-1-1-q19-19-or-b,9Router unavailable or not configured; placed in generic subject bucket
accountancy-2024-67-1-1-q25-25-or-b,9Router unavailable or not configured; placed in generic subject bucket
accountancy-2024-67-1-1-q27-34,9Router unavailable or not configured; placed in generic subject bucket
accountancy-2024-67-1-1-q28-28,9Router unavailable or not configured; placed in generic subject bucket
accountancy-2024-67-1-1-q28-35,9Router unavailable or not configured; placed in generic subject bucket
accountancy-2024-67-1-1-q28-35-or-b,9Router unavailable or not configured; placed in generic subject bucket
accountancy-2024-67-1-1-q29-29,9Router unavailable or not configured; placed in generic subject bucket
accountancy-2024-67-1-1-q30-30,9Router unavailable or not configured; placed in generic subject bucket
accountancy-2024-67-1-1-q30-30-or-b,9Router unavailable or not configured; placed in generic subject bucket
accountancy-2024-67-1-1-q30-37,9Router unavailable or not configured; placed in generic subject bucket
accountancy-2024-67-1-1-q30-37-or-b,9Router unavailable or not configured; placed in generic subject bucket
accountancy-2024-67-1-1-q31-31,9Router unavailable or not configured; placed in generic subject bucket
accountancy-2024-67-1-1-q32-38,9Router unavailable or not configured; placed in generic subject bucket
accountancy-2024-67-1-1-q33-39,9Router unavailable or not configured; placed in generic subject bucket
accountancy-2024-67-1-1-q33-39-or-b,9Router unavailable or not configured; placed in generic subject bucket
accountancy-2024-67-1-1-q34-40,9Router unavailable or not configured; placed in generic subject bucket
accountancy-2024-67-1-2-q3-3,9Router unavailable or not configured; placed in generic subject bucket
accountancy-2024-67-1-2-q4-4,9Router unavailable or not configured; placed in generic subject bucket
accountancy-2024-67-1-2-q4-4-or-b,9Router unavailable or not configured; placed in generic subject bucket
accountancy-2024-67-1-2-q5-5,9Router unavailable or not configured; placed in generic subject bucket
accountancy-2024-67-1-2-q7-7,9Router unavailable or not configured; placed in generic subject bucket
accountancy-2024-67-1-2-q8-8,9Router unavailable or not configured; placed in generic subject bucket
accountancy-2024-67-1-2-q9-9,9Router unavailable or not configured; placed in generic subject bucket
accountancy-2024-67-1-2-q12-12,9Router unavailable or not configured; placed in generic subject bucket
accountancy-2024-67-1-2-q14-14,9Router unavailable or not configured; placed in generic subject bucket
accountancy-2024-67-1-2-q15-15,9Router unavailable or not configured; placed in generic subject bucket
accountancy-2024-67-1-2-q16-16,9Router unavailable or not configured; placed in generic subject bucket
accountancy-2024-67-1-2-q16-16-or-b,9Router unavailable or not configured; placed in generic subject bucket
accountancy-2024-67-1-2-q18-18,9Router unavailable or not configured; placed in generic subject bucket
accountancy-2024-67-1-2-q20-20,9Router unavailable or not configured; placed in generic subject bucket
accountancy-2024-67-1-2-q20-20-or-b,9Router unavailable or not configured; placed in generic subject bucket
accountancy-2024-67-1-2-q26-26-or-b,9Router unavailable or not configured; placed in generic subject bucket
accountancy-2024-67-1-2-q27-27,9Router unavailable or not configured; placed in generic subject bucket
accountancy-2024-67-1-2-q27-27-or-b,9Router unavailable or not configured; placed in generic subject bucket
accountancy-2024-67-1-2-q27-35,9Router unavailable or not configured; placed in generic subject bucket
accountancy-2024-67-1-2-q27-35-or-b,9Router unavailable or not configured; placed in generic subject bucket
accountancy-2024-67-1-2-q28-28,9Router unavailable or not configured; placed in generic subject bucket
accountancy-2024-67-1-2-q29-29,9Router unavailable or not configured; placed in generic subject bucket
accountancy-2024-67-1-2-q29-37,9Router unavailable or not configured; placed in generic subject bucket
accountancy-2024-67-1-2-q30-38,9Router unavailable or not configured; placed in generic subject bucket
accountancy-2024-67-1-2-q31-31,9Router unavailable or not configured; placed in generic subject bucket
accountancy-2024-67-1-2-q31-39,9Router unavailable or not configured; placed in generic subject bucket
accountancy-2024-67-1-2-q32-32,9Router unavailable or not configured; placed in generic subject bucket
accountancy-2024-67-1-2-q33-40,9Router unavailable or not configured; placed in generic subject bucket
accountancy-2024-67-1-2-q33-40-or-b,9Router unavailable or not configured; placed in generic subject bucket
accountancy-2024-67-1-2-q34-34,9Router unavailable or not configured; placed in generic subject bucket
accountancy-2024-67-1-3-q1-1,9Router unavailable or not configured; placed in generic subject bucket
accountancy-2024-67-1-3-q1-1-or-b,9Router unavailable or not configured; placed in generic subject bucket
accountancy-2024-67-1-3-q2-2,9Router unavailable or not configured; placed in generic subject bucket
accountancy-2024-67-1-3-q2-2-or-b,9Router unavailable or not configured; placed in generic subject bucket
accountancy-2024-67-1-3-q4-4,9Router unavailable or not configured; placed in generic subject bucket
accountancy-2024-67-1-3-q4-4-or-b,9Router unavailable or not configured; placed in generic subject bucket
accountancy-2024-67-1-3-q5-5,9Router unavailable or not configured; placed in generic subject bucket
accountancy-2024-67-1-3-q7-7,9Router unavailable or not configured; placed in generic subject bucket
accountancy-2024-67-1-3-q8-8,9Router unavailable or not configured; placed in generic subject bucket
accountancy-2024-67-1-3-q9-9,9Router unavailable or not configured; placed in generic subject bucket
accountancy-2024-67-1-3-q11-11,9Router unavailable or not configured; placed in generic subject bucket
accountancy-2024-67-1-3-q12-12,9Router unavailable or not configured; placed in generic subject bucket
accountancy-2024-67-1-3-q15-15,9Router unavailable or not configured; placed in generic subject bucket
accountancy-2024-67-1-3-q19-19,9Router unavailable or not configured; placed in generic subject bucket
accountancy-2024-67-1-3-q19-19-or-b,9Router unavailable or not configured; placed in generic subject bucket
accountancy-2024-67-1-3-q25-25-or-b,9Router unavailable or not configured; placed in generic subject bucket
accountancy-2024-67-1-3-q27-27,9Router unavailable or not configured; placed in generic subject bucket
accountancy-2024-67-1-3-q28-28,9Router unavailable or not configured; placed in generic subject bucket
accountancy-2024-67-1-3-q28-28-or-b,9Router unavailable or not configured; placed in generic subject bucket
accountancy-2024-67-1-3-q28-35,9Router unavailable or not configured; placed in generic subject bucket
accountancy-2024-67-1-3-q28-35-or-b,9Router unavailable or not configured; placed in generic subject bucket
accountancy-2024-67-1-3-q29-36,9Router unavailable or not configured; placed in generic subject bucket
accountancy-2024-67-1-3-q30-30,9Router unavailable or not configured; placed in generic subject bucket
accountancy-2024-67-1-3-q30-37,9Router unavailable or not configured; placed in generic subject bucket
accountancy-2024-67-1-3-q30-37-or-b,9Router unavailable or not configured; placed in generic subject bucket
accountancy-2024-67-1-3-q31-31,9Router unavailable or not configured; placed in generic subject bucket
accountancy-2024-67-1-3-q31-38,9Router unavailable or not configured; placed in generic subject bucket
accountancy-2024-67-1-3-q32-32,9Router unavailable or not configured; placed in generic subject bucket
accountancy-2024-67-1-3-q33-39,9Router unavailable or not configured; placed in generic subject bucket
accountancy-2024-67-1-3-q33-39-or-b,9Router unavailable or not configured; placed in generic subject bucket
accountancy-2024-67-2-1-q1-1,9Router unavailable or not configured; placed in generic subject bucket
accountancy-2024-67-2-1-q3-3,9Router unavailable or not configured; placed in generic subject bucket
accountancy-2024-67-2-1-q4-4-or-b,9Router unavailable or not configured; placed in generic subject bucket
accountancy-2024-67-2-1-q5-5,9Router unavailable or not configured; placed in generic subject bucket
accountancy-2024-67-2-1-q6-6,9Router unavailable or not configured; placed in generic subject bucket
accountancy-2024-67-2-1-q7-7,9Router unavailable or not configured; placed in generic subject bucket
accountancy-2024-67-2-1-q8-8,9Router unavailable or not configured; placed in generic subject bucket
accountancy-2024-67-2-1-q9-9,9Router unavailable or not configured; placed in generic subject bucket
accountancy-2024-67-2-1-q10-10,9Router unavailable or not configured; placed in generic subject bucket
accountancy-2024-67-2-1-q11-11,9Router unavailable or not configured; placed in generic subject bucket
accountancy-2024-67-2-1-q12-12,9Router unavailable or not configured; placed in generic subject bucket
accountancy-2024-67-2-1-q14-14,9Router unavailable or not configured; placed in generic subject bucket
accountancy-2024-67-2-1-q15-15,9Router unavailable or not configured; placed in generic subject bucket
accountancy-2024-67-2-1-q16-16,9Router unavailable or not configured; placed in generic subject bucket
accountancy-2024-67-2-1-q17-17-or-b,9Router unavailable or not configured; placed in generic subject bucket
accountancy-2024-67-2-1-q19-19,9Router unavailable or not configured; placed in generic subject bucket
accountancy-2024-67-2-1-q22-22,9Router unavailable or not configured; placed in generic subject bucket
accountancy-2024-67-2-1-q23-23,9Router unavailable or not configured; placed in generic subject bucket
accountancy-2024-67-2-1-q24-24,9Router unavailable or not configured; placed in generic subject bucket
accountancy-2024-67-2-1-q28-28,9Router unavailable or not configured; placed in generic subject bucket
accountancy-2024-67-2-1-q28-35,9Router unavailable or not configured; placed in generic subject bucket
accountancy-2024-67-2-1-q28-35-or-b,9Router unavailable or not configured; placed in generic subject bucket
accountancy-2024-67-2-1-q29-29,9Router unavailable or not configured; placed in generic subject bucket
accountancy-2024-67-2-1-q29-36,9Router unavailable or not configured; placed in generic subject bucket
accountancy-2024-67-2-1-q30-30,9Router unavailable or not configured; placed in generic subject bucket
accountancy-2024-67-2-1-q30-37,9Router unavailable or not configured; placed in generic subject bucket
accountancy-2024-67-2-1-q31-31,9Router unavailable or not configured; placed in generic subject bucket
accountancy-2024-67-2-1-q31-38,9Router unavailable or not configured; placed in generic subject bucket
accountancy-2024-67-2-1-q32-32,9Router unavailable or not configured; placed in generic subject bucket
accountancy-2024-67-2-1-q33-33-or-b,9Router unavailable or not configured; placed in generic subject bucket
accountancy-2024-67-2-1-q33-39,9Router unavailable or not configured; placed in generic subject bucket
accountancy-2024-67-2-1-q33-39-or-b,9Router unavailable or not configured; placed in generic subject bucket
accountancy-2024-67-2-1-q34-34,9Router unavailable or not configured; placed in generic subject bucket
accountancy-2024-67-2-1-q34-40,9Router unavailable or not configured; placed in generic subject bucket
accountancy-2024-67-2-2-q1-1,9Router unavailable or not configured; placed in generic subject bucket
accountancy-2024-67-2-2-q2-2,9Router unavailable or not configured; placed in generic subject bucket
accountancy-2024-67-2-2-q3-3,9Router unavailable or not configured; placed in generic subject bucket
accountancy-2024-67-2-2-q4-4,9Router unavailable or not configured; placed in generic subject bucket
accountancy-2024-67-2-2-q5-5-or-b,9Router unavailable or not configured; placed in generic subject bucket
accountancy-2024-67-2-2-q6-6,9Router unavailable or not configured; placed in generic subject bucket
accountancy-2024-67-2-2-q7-7,9Router unavailable or not configured; placed in generic subject bucket
accountancy-2024-67-2-2-q7-7-or-b,9Router unavailable or not configured; placed in generic subject bucket
accountancy-2024-67-2-2-q8-8,9Router unavailable or not configured; placed in generic subject bucket
accountancy-2024-67-2-2-q9-9,9Router unavailable or not configured; placed in generic subject bucket
accountancy-2024-67-2-2-q10-10,9Router unavailable or not configured; placed in generic subject bucket
accountancy-2024-67-2-2-q11-11,9Router unavailable or not configured; placed in generic subject bucket
accountancy-2024-67-2-2-q14-14,9Router unavailable or not configured; placed in generic subject bucket
accountancy-2024-67-2-2-q15-15,9Router unavailable or not configured; placed in generic subject bucket
accountancy-2024-67-2-2-q16-16,9Router unavailable or not configured; placed in generic subject bucket
accountancy-2024-67-2-2-q17-17,9Router unavailable or not configured; placed in generic subject bucket
accountancy-2024-67-2-2-q17-17-or-b,9Router unavailable or not configured; placed in generic subject bucket
accountancy-2024-67-2-2-q21-21,9Router unavailable or not configured; placed in generic subject bucket
accountancy-2024-67-2-2-q23-23,9Router unavailable or not configured; placed in generic subject bucket
accountancy-2024-67-2-2-q27-27,9Router unavailable or not configured; placed in generic subject bucket
accountancy-2024-67-2-2-q27-35,9Router unavailable or not configured; placed in generic subject bucket
accountancy-2024-67-2-2-q28-36,9Router unavailable or not configured; placed in generic subject bucket
accountancy-2024-67-2-2-q29-29,9Router unavailable or not configured; placed in generic subject bucket
accountancy-2024-67-2-2-q29-37,9Router unavailable or not configured; placed in generic subject bucket
accountancy-2024-67-2-2-q29-37-or-b,9Router unavailable or not configured; placed in generic subject bucket
accountancy-2024-67-2-2-q30-30,9Router unavailable or not configured; placed in generic subject bucket
accountancy-2024-67-2-2-q31-31,9Router unavailable or not configured; placed in generic subject bucket
accountancy-2024-67-2-2-q32-32,9Router unavailable or not configured; placed in generic subject bucket
accountancy-2024-67-2-2-q32-38,9Router unavailable or not configured; placed in generic subject bucket
accountancy-2024-67-2-2-q33-33-or-b,9Router unavailable or not configured; placed in generic subject bucket
accountancy-2024-67-2-2-q33-39,9Router unavailable or not configured; placed in generic subject bucket
accountancy-2024-67-2-2-q33-39-or-b,9Router unavailable or not configured; placed in generic subject bucket
accountancy-2024-67-2-2-q34-34,9Router unavailable or not configured; placed in generic subject bucket
accountancy-2024-67-2-2-q34-40,9Router unavailable or not configured; placed in generic subject bucket
accountancy-2024-67-2-3-q1-1,9Router unavailable or not configured; placed in generic subject bucket
accountancy-2024-67-2-3-q2-2,9Router unavailable or not configured; placed in generic subject bucket
accountancy-2024-67-2-3-q3-3,9Router unavailable or not configured; placed in generic subject bucket
accountancy-2024-67-2-3-q4-4,9Router unavailable or not configured; placed in generic subject bucket
accountancy-2024-67-2-3-q4-4-or-b,9Router unavailable or not configured; placed in generic subject bucket
accountancy-2024-67-2-3-q5-5,9Router unavailable or not configured; placed in generic subject bucket
accountancy-2024-67-2-3-q6-6,9Router unavailable or not configured; placed in generic subject bucket
accountancy-2024-67-2-3-q7-7,9Router unavailable or not configured; placed in generic subject bucket
accountancy-2024-67-2-3-q8-8,9Router unavailable or not configured; placed in generic subject bucket
accountancy-2024-67-2-3-q9-9,9Router unavailable or not configured; placed in generic subject bucket
accountancy-2024-67-2-3-q10-10,9Router unavailable or not configured; placed in generic subject bucket
accountancy-2024-67-2-3-q12-12,9Router unavailable or not configured; placed in generic subject bucket
accountancy-2024-67-2-3-q14-14,9Router unavailable or not configured; placed in generic subject bucket
accountancy-2024-67-2-3-q15-15,9Router unavailable or not configured; placed in generic subject bucket
accountancy-2024-67-2-3-q16-16,9Router unavailable or not configured; placed in generic subject bucket
accountancy-2024-67-2-3-q17-17-or-b,9Router unavailable or not configured; placed in generic subject bucket
accountancy-2024-67-2-3-q19-19,9Router unavailable or not configured; placed in generic subject bucket
accountancy-2024-67-2-3-q19-19-or-b,9Router unavailable or not configured; placed in generic subject bucket
accountancy-2024-67-2-3-q20-20,9Router unavailable or not configured; placed in generic subject bucket
accountancy-2024-67-2-3-q22-22,9Router unavailable or not configured; placed in generic subject bucket
accountancy-2024-67-2-3-q23-23,9Router unavailable or not configured; placed in generic subject bucket
accountancy-2024-67-2-3-q27-27,9Router unavailable or not configured; placed in generic subject bucket
accountancy-2024-67-2-3-q27-35,9Router unavailable or not configured; placed in generic subject bucket
accountancy-2024-67-2-3-q28-28,9Router unavailable or not configured; placed in generic subject bucket
accountancy-2024-67-2-3-q28-36,9Router unavailable or not configured; placed in generic subject bucket
accountancy-2024-67-2-3-q29-29,9Router unavailable or not configured; placed in generic subject bucket
accountancy-2024-67-2-3-q29-37,9Router unavailable or not configured; placed in generic subject bucket
accountancy-2024-67-2-3-q30-38,9Router unavailable or not configured; placed in generic subject bucket
accountancy-2024-67-2-3-q30-38-or-b,9Router unavailable or not configured; placed in generic subject bucket
accountancy-2024-67-2-3-q31-31,9Router unavailable or not configured; placed in generic subject bucket
accountancy-2024-67-2-3-q32-32,9Router unavailable or not configured; placed in generic subject bucket
accountancy-2024-67-2-3-q32-39,9Router unavailable or not configured; placed in generic subject bucket
accountancy-2024-67-2-3-q33-33-or-b,9Router unavailable or not configured; placed in generic subject bucket
accountancy-2024-67-2-3-q33-40,9Router unavailable or not configured; placed in generic subject bucket
accountancy-2024-67-2-3-q33-40-or-b,9Router unavailable or not configured; placed in generic subject bucket
accountancy-2024-67-2-3-q34-34,9Router unavailable or not configured; placed in generic subject bucket
accountancy-2024-67-2-3-q34-41,9Router unavailable or not configured; placed in generic subject bucket
accountancy-2024-67-3-1-q1-1,9Router unavailable or not configured; placed in generic subject bucket
accountancy-2024-67-3-1-q1-1-or-b,9Router unavailable or not configured; placed in generic subject bucket
accountancy-2024-67-3-1-q3-3,9Router unavailable or not configured; placed in generic subject bucket
accountancy-2024-67-3-1-q7-7,9Router unavailable or not configured; placed in generic subject bucket
accountancy-2024-67-3-1-q8-8,9Router unavailable or not configured; placed in generic subject bucket
accountancy-2024-67-3-1-q9-9,9Router unavailable or not configured; placed in generic subject bucket
accountancy-2024-67-3-1-q10-10,9Router unavailable or not configured; placed in generic subject bucket
accountancy-2024-67-3-1-q12-12,9Router unavailable or not configured; placed in generic subject bucket
accountancy-2024-67-3-1-q14-14,9Router unavailable or not configured; placed in generic subject bucket
accountancy-2024-67-3-1-q15-15-or-b,9Router unavailable or not configured; placed in generic subject bucket
accountancy-2024-67-3-1-q17-17,9Router unavailable or not configured; placed in generic subject bucket
accountancy-2024-67-3-1-q19-19,9Router unavailable or not configured; placed in generic subject bucket
accountancy-2024-67-3-1-q20-20-or-b,9Router unavailable or not configured; placed in generic subject bucket
accountancy-2024-67-3-1-q21-21,9Router unavailable or not configured; placed in generic subject bucket
accountancy-2024-67-3-1-q24-24,9Router unavailable or not configured; placed in generic subject bucket
accountancy-2024-67-3-1-q27-35,9Router unavailable or not configured; placed in generic subject bucket
accountancy-2024-67-3-1-q29-29-or-b,9Router unavailable or not configured; placed in generic subject bucket
accountancy-2024-67-3-1-q29-37,9Router unavailable or not configured; placed in generic subject bucket
accountancy-2024-67-3-1-q30-30,9Router unavailable or not configured; placed in generic subject bucket
accountancy-2024-67-3-1-q30-30-or-b,9Router unavailable or not configured; placed in generic subject bucket
accountancy-2024-67-3-1-q30-38,9Router unavailable or not configured; placed in generic subject bucket
accountancy-2024-67-3-1-q30-38-or-b,9Router unavailable or not configured; placed in generic subject bucket
accountancy-2024-67-3-1-q31-31,9Router unavailable or not configured; placed in generic subject bucket
accountancy-2024-67-3-1-q31-39,9Router unavailable or not configured; placed in generic subject bucket
accountancy-2024-67-3-1-q32-32,9Router unavailable or not configured; placed in generic subject bucket
accountancy-2024-67-3-1-q32-40,9Router unavailable or not configured; placed in generic subject bucket
accountancy-2024-67-3-1-q33-33-or-b,9Router unavailable or not configured; placed in generic subject bucket
accountancy-2024-67-3-1-q33-41,9Router unavailable or not configured; placed in generic subject bucket
accountancy-2024-67-3-1-q33-41-or-b,9Router unavailable or not configured; placed in generic subject bucket
accountancy-2024-67-3-1-q34-34,9Router unavailable or not configured; placed in generic subject bucket
accountancy-2024-67-3-2-q1-1,9Router unavailable or not configured; placed in generic subject bucket
accountancy-2024-67-3-2-q4-4,9Router unavailable or not configured; placed in generic subject bucket
accountancy-2024-67-3-2-q5-5,9Router unavailable or not configured; placed in generic subject bucket
accountancy-2024-67-3-2-q7-7,9Router unavailable or not configured; placed in generic subject bucket
accountancy-2024-67-3-2-q8-8,9Router unavailable or not configured; placed in generic subject bucket
accountancy-2024-67-3-2-q10-10,9Router unavailable or not configured; placed in generic subject bucket
accountancy-2024-67-3-2-q10-10-or-b,9Router unavailable or not configured; placed in generic subject bucket
accountancy-2024-67-3-2-q11-11-or-b,9Router unavailable or not configured; placed in generic subject bucket
accountancy-2024-67-3-2-q12-12,9Router unavailable or not configured; placed in generic subject bucket
accountancy-2024-67-3-2-q12-12-or-b,9Router unavailable or not configured; placed in generic subject bucket
accountancy-2024-67-3-2-q13-13,9Router unavailable or not configured; placed in generic subject bucket
accountancy-2024-67-3-2-q15-15,9Router unavailable or not configured; placed in generic subject bucket
accountancy-2024-67-3-2-q18-18,9Router unavailable or not configured; placed in generic subject bucket
accountancy-2024-67-3-2-q19-19-or-b,9Router unavailable or not configured; placed in generic subject bucket
accountancy-2024-67-3-2-q20-20,9Router unavailable or not configured; placed in generic subject bucket
accountancy-2024-67-3-2-q20-20-or-b,9Router unavailable or not configured; placed in generic subject bucket
accountancy-2024-67-3-2-q22-22,9Router unavailable or not configured; placed in generic subject bucket
accountancy-2024-67-3-2-q23-23,9Router unavailable or not configured; placed in generic subject bucket
accountancy-2024-67-3-2-q26-26-or-b,9Router unavailable or not configured; placed in generic subject bucket
accountancy-2024-67-3-2-q27-27,9Router unavailable or not configured; placed in generic subject bucket
accountancy-2024-67-3-2-q27-27-or-b,9Router unavailable or not configured; placed in generic subject bucket
accountancy-2024-67-3-2-q27-35,9Router unavailable or not configured; placed in generic subject bucket
accountancy-2024-67-3-2-q28-28-or-b,9Router unavailable or not configured; placed in generic subject bucket
accountancy-2024-67-3-2-q28-36,9Router unavailable or not configured; placed in generic subject bucket
accountancy-2024-67-3-2-q29-29,9Router unavailable or not configured; placed in generic subject bucket
accountancy-2024-67-3-2-q30-38,9Router unavailable or not configured; placed in generic subject bucket
accountancy-2024-67-3-2-q31-31,9Router unavailable or not configured; placed in generic subject bucket
accountancy-2024-67-3-2-q32-32,9Router unavailable or not configured; placed in generic subject bucket
accountancy-2024-67-3-2-q33-33-or-b,9Router unavailable or not configured; placed in generic subject bucket
accountancy-2024-67-3-2-q33-39,9Router unavailable or not configured; placed in generic subject bucket
accountancy-2024-67-3-2-q33-39-or-b,9Router unavailable or not configured; placed in generic subject bucket
accountancy-2024-67-3-2-q34-34,9Router unavailable or not configured; placed in generic subject bucket
accountancy-2024-67-3-3-q1-1,9Router unavailable or not configured; placed in generic subject bucket
accountancy-2024-67-3-3-q2-2,9Router unavailable or not configured; placed in generic subject bucket
accountancy-2024-67-3-3-q3-3,9Router unavailable or not configured; placed in generic subject bucket
accountancy-2024-67-3-3-q5-5,9Router unavailable or not configured; placed in generic subject bucket
accountancy-2024-67-3-3-q7-7,9Router unavailable or not configured; placed in generic subject bucket
accountancy-2024-67-3-3-q8-8,9Router unavailable or not configured; placed in generic subject bucket
accountancy-2024-67-3-3-q9-9-or-b,9Router unavailable or not configured; placed in generic subject bucket
accountancy-2024-67-3-3-q10-10,9Router unavailable or not configured; placed in generic subject bucket
accountancy-2024-67-3-3-q10-10-or-b,9Router unavailable or not configured; placed in generic subject bucket
accountancy-2024-67-3-3-q12-12,9Router unavailable or not configured; placed in generic subject bucket
accountancy-2024-67-3-3-q14-14,9Router unavailable or not configured; placed in generic subject bucket
accountancy-2024-67-3-3-q15-15,9Router unavailable or not configured; placed in generic subject bucket
accountancy-2024-67-3-3-q18-18,9Router unavailable or not configured; placed in generic subject bucket
accountancy-2024-67-3-3-q19-19,9Router unavailable or not configured; placed in generic subject bucket
accountancy-2024-67-3-3-q20-20-or-b,9Router unavailable or not configured; placed in generic subject bucket
accountancy-2024-67-3-3-q21-21,9Router unavailable or not configured; placed in generic subject bucket
accountancy-2024-67-3-3-q25-25-or-b,9Router unavailable or not configured; placed in generic subject bucket
accountancy-2024-67-3-3-q27-27-or-b,9Router unavailable or not configured; placed in generic subject bucket
accountancy-2024-67-3-3-q27-35,9Router unavailable or not configured; placed in generic subject bucket
accountancy-2024-67-3-3-q28-28,9Router unavailable or not configured; placed in generic subject bucket
accountancy-2024-67-3-3-q28-28-or-b,9Router unavailable or not configured; placed in generic subject bucket
accountancy-2024-67-3-3-q28-36,9Router unavailable or not configured; placed in generic subject bucket
accountancy-2024-67-3-3-q29-37,9Router unavailable or not configured; placed in generic subject bucket
accountancy-2024-67-3-3-q30-30,9Router unavailable or not configured; placed in generic subject bucket
accountancy-2024-67-3-3-q31-31,9Router unavailable or not configured; placed in generic subject bucket
accountancy-2024-67-3-3-q31-39,9Router unavailable or not configured; placed in generic subject bucket
accountancy-2024-67-3-3-q32-32,9Router unavailable or not configured; placed in generic subject bucket
accountancy-2024-67-3-3-q33-33-or-b,9Router unavailable or not configured; placed in generic subject bucket
accountancy-2024-67-3-3-q33-40,9Router unavailable or not configured; placed in generic subject bucket
accountancy-2024-67-3-3-q33-40-or-b,9Router unavailable or not configured; placed in generic subject bucket
accountancy-2024-67-3-3-q34-34,9Router unavailable or not configured; placed in generic subject bucket
accountancy-2025-26-sqp-q1-24,9Router unavailable or not configured; placed in generic subject bucket
accountancy-2025-26-sqp-q4-4,9Router unavailable or not configured; placed in generic subject bucket
accountancy-2025-26-sqp-q4-4-or-b,9Router unavailable or not configured; placed in generic subject bucket
accountancy-2025-26-sqp-q5-5,9Router unavailable or not configured; placed in generic subject bucket
accountancy-2025-26-sqp-q9-9,9Router unavailable or not configured; placed in generic subject bucket
accountancy-2025-26-sqp-q13-13,9Router unavailable or not configured; placed in generic subject bucket
accountancy-2025-26-sqp-q16-16,9Router unavailable or not configured; placed in generic subject bucket
accountancy-2025-26-sqp-q20-20,9Router unavailable or not configured; placed in generic subject bucket
accountancy-2025-26-sqp-q27-29,9Router unavailable or not configured; placed in generic subject bucket
accountancy-2025-26-sqp-q27-38,9Router unavailable or not configured; placed in generic subject bucket
accountancy-2025-26-sqp-q28-31,9Router unavailable or not configured; placed in generic subject bucket
accountancy-2025-26-sqp-q28-39,9Router unavailable or not configured; placed in generic subject bucket
accountancy-2025-26-sqp-q29-32,9Router unavailable or not configured; placed in generic subject bucket
accountancy-2025-26-sqp-q29-40,9Router unavailable or not configured; placed in generic subject bucket
accountancy-2025-26-sqp-q30-41,9Router unavailable or not configured; placed in generic subject bucket
accountancy-2025-26-sqp-q31-30,9Router unavailable or not configured; placed in generic subject bucket
accountancy-2025-26-sqp-q31-42,9Router unavailable or not configured; placed in generic subject bucket
accountancy-2025-26-sqp-q32-35,9Router unavailable or not configured; placed in generic subject bucket
accountancy-2025-26-sqp-q32-43,9Router unavailable or not configured; placed in generic subject bucket
accountancy-2025-26-sqp-q33-36,9Router unavailable or not configured; placed in generic subject bucket
accountancy-2025-26-sqp-q33-36-or-b,9Router unavailable or not configured; placed in generic subject bucket
accountancy-2025-26-sqp-q33-44,9Router unavailable or not configured; placed in generic subject bucket
accountancy-2025-26-sqp-q33-44-or-b,9Router unavailable or not configured; placed in generic subject bucket
accountancy-2025-26-sqp-q34-45,9Router unavailable or not configured; placed in generic subject bucket
accountancy-2025-67-4-1-q1-24,9Router unavailable or not configured; placed in generic subject bucket
accountancy-2025-67-4-1-q3-3,9Router unavailable or not configured; placed in generic subject bucket
accountancy-2025-67-4-1-q4-4,9Router unavailable or not configured; placed in generic subject bucket
accountancy-2025-67-4-1-q5-5,9Router unavailable or not configured; placed in generic subject bucket
accountancy-2025-67-4-1-q6-6,9Router unavailable or not configured; placed in generic subject bucket
accountancy-2025-67-4-1-q10-9,9Router unavailable or not configured; placed in generic subject bucket
accountancy-2025-67-4-1-q11-10,9Router unavailable or not configured; placed in generic subject bucket
accountancy-2025-67-4-1-q12-11,9Router unavailable or not configured; placed in generic subject bucket
accountancy-2025-67-4-1-q13-12-or-b,9Router unavailable or not configured; placed in generic subject bucket
accountancy-2025-67-4-1-q14-13,9Router unavailable or not configured; placed in generic subject bucket
accountancy-2025-67-4-1-q19-18,9Router unavailable or not configured; placed in generic subject bucket
accountancy-2025-67-4-1-q21-20,9Router unavailable or not configured; placed in generic subject bucket
accountancy-2025-67-4-1-q24-23,9Router unavailable or not configured; placed in generic subject bucket
accountancy-2025-67-4-1-q26-27,9Router unavailable or not configured; placed in generic subject bucket
accountancy-2025-67-4-1-q26-28-or-b,9Router unavailable or not configured; placed in generic subject bucket
accountancy-2025-67-4-1-q28-31,9Router unavailable or not configured; placed in generic subject bucket
accountancy-2025-67-4-1-q28-38,9Router unavailable or not configured; placed in generic subject bucket
accountancy-2025-67-4-1-q29-39,9Router unavailable or not configured; placed in generic subject bucket
accountancy-2025-67-4-1-q30-33,9Router unavailable or not configured; placed in generic subject bucket
accountancy-2025-67-4-1-q30-33-or-b,9Router unavailable or not configured; placed in generic subject bucket
accountancy-2025-67-4-1-q30-40,9Router unavailable or not configured; placed in generic subject bucket
accountancy-2025-67-4-1-q30-40-or-b,9Router unavailable or not configured; placed in generic subject bucket
accountancy-2025-67-4-1-q31-34,9Router unavailable or not configured; placed in generic subject bucket
accountancy-2025-67-4-1-q31-41,9Router unavailable or not configured; placed in generic subject bucket
accountancy-2025-67-4-1-q32-42,9Router unavailable or not configured; placed in generic subject bucket
accountancy-2025-67-4-1-q33-36,9Router unavailable or not configured; placed in generic subject bucket
accountancy-2025-67-4-1-q33-36-or-b,9Router unavailable or not configured; placed in generic subject bucket
accountancy-2025-67-4-1-q33-43,9Router unavailable or not configured; placed in generic subject bucket
accountancy-2025-67-4-1-q33-43-or-b,9Router unavailable or not configured; placed in generic subject bucket
accountancy-2025-67-4-1-q34-44,9Router unavailable or not configured; placed in generic subject bucket
accountancy-2025-67-4-2-q1-29,9Router unavailable or not configured; placed in generic subject bucket
accountancy-2025-67-4-2-q3-3,9Router unavailable or not configured; placed in generic subject bucket
accountancy-2025-67-4-2-q4-4,9Router unavailable or not configured; placed in generic subject bucket
accountancy-2025-67-4-2-q7-6,9Router unavailable or not configured; placed in generic subject bucket
accountancy-2025-67-4-2-q9-8,9Router unavailable or not configured; placed in generic subject bucket
accountancy-2025-67-4-2-q10-9,9Router unavailable or not configured; placed in generic subject bucket
accountancy-2025-67-4-2-q11-10,9Router unavailable or not configured; placed in generic subject bucket
accountancy-2025-67-4-2-q14-13,9Router unavailable or not configured; placed in generic subject bucket
accountancy-2025-67-4-2-q15-14-or-b,9Router unavailable or not configured; placed in generic subject bucket
accountancy-2025-67-4-2-q16-15,9Router unavailable or not configured; placed in generic subject bucket
accountancy-2025-67-4-2-q20-19,9Router unavailable or not configured; placed in generic subject bucket
accountancy-2025-67-4-2-q20-19-or-b,9Router unavailable or not configured; placed in generic subject bucket
accountancy-2025-67-4-2-q21-20,9Router unavailable or not configured; placed in generic subject bucket
accountancy-2025-67-4-2-q25-26,9Router unavailable or not configured; placed in generic subject bucket
accountancy-2025-67-4-2-q26-28,9Router unavailable or not configured; placed in generic subject bucket
accountancy-2025-67-4-2-q27-31,9Router unavailable or not configured; placed in generic subject bucket
accountancy-2025-67-4-2-q27-31-or-b,9Router unavailable or not configured; placed in generic subject bucket
accountancy-2025-67-4-2-q27-38,9Router unavailable or not configured; placed in generic subject bucket
accountancy-2025-67-4-2-q28-39,9Router unavailable or not configured; placed in generic subject bucket
accountancy-2025-67-4-2-q29-33,9Router unavailable or not configured; placed in generic subject bucket
accountancy-2025-67-4-2-q29-40,9Router unavailable or not configured; placed in generic subject bucket
accountancy-2025-67-4-2-q31-35,9Router unavailable or not configured; placed in generic subject bucket
accountancy-2025-67-4-2-q31-42,9Router unavailable or not configured; placed in generic subject bucket
accountancy-2025-67-4-2-q32-43,9Router unavailable or not configured; placed in generic subject bucket
accountancy-2025-67-4-2-q33-37,9Router unavailable or not configured; placed in generic subject bucket
accountancy-2025-67-4-2-q33-37-or-b,9Router unavailable or not configured; placed in generic subject bucket
accountancy-2025-67-4-2-q33-44,9Router unavailable or not configured; placed in generic subject bucket
accountancy-2025-67-4-2-q33-44-or-b,9Router unavailable or not configured; placed in generic subject bucket
accountancy-2025-67-4-3-q1-27,9Router unavailable or not configured; placed in generic subject bucket
accountancy-2025-67-4-3-q6-5,9Router unavailable or not configured; placed in generic subject bucket
accountancy-2025-67-4-3-q7-6,9Router unavailable or not configured; placed in generic subject bucket
accountancy-2025-67-4-3-q8-7,9Router unavailable or not configured; placed in generic subject bucket
accountancy-2025-67-4-3-q9-8,9Router unavailable or not configured; placed in generic subject bucket
accountancy-2025-67-4-3-q10-9,9Router unavailable or not configured; placed in generic subject bucket
accountancy-2025-67-4-3-q11-10,9Router unavailable or not configured; placed in generic subject bucket
accountancy-2025-67-4-3-q12-11,9Router unavailable or not configured; placed in generic subject bucket
accountancy-2025-67-4-3-q15-14,9Router unavailable or not configured; placed in generic subject bucket
accountancy-2025-67-4-3-q19-18,9Router unavailable or not configured; placed in generic subject bucket
accountancy-2025-67-4-3-q21-20,9Router unavailable or not configured; placed in generic subject bucket
accountancy-2025-67-4-3-q24-24,9Router unavailable or not configured; placed in generic subject bucket
accountancy-2025-67-4-3-q25-26,9Router unavailable or not configured; placed in generic subject bucket
accountancy-2025-67-4-3-q27-37,9Router unavailable or not configured; placed in generic subject bucket
accountancy-2025-67-4-3-q28-31,9Router unavailable or not configured; placed in generic subject bucket
accountancy-2025-67-4-3-q28-31-or-b,9Router unavailable or not configured; placed in generic subject bucket
accountancy-2025-67-4-3-q29-39,9Router unavailable or not configured; placed in generic subject bucket
accountancy-2025-67-4-3-q29-39-or-b,9Router unavailable or not configured; placed in generic subject bucket
accountancy-2025-67-4-3-q30-33,9Router unavailable or not configured; placed in generic subject bucket
accountancy-2025-67-4-3-q30-40,9Router unavailable or not configured; placed in generic subject bucket
accountancy-2025-67-4-3-q31-34,9Router unavailable or not configured; placed in generic subject bucket
accountancy-2025-67-4-3-q31-41,9Router unavailable or not configured; placed in generic subject bucket
accountancy-2025-67-4-3-q32-42,9Router unavailable or not configured; placed in generic subject bucket
accountancy-2025-67-4-3-q33-36,9Router unavailable or not configured; placed in generic subject bucket
accountancy-2025-67-4-3-q33-36-or-b,9Router unavailable or not configured; placed in generic subject bucket
accountancy-2025-67-4-3-q33-43,9Router unavailable or not configured; placed in generic subject bucket
accountancy-2025-67-4-3-q33-43-or-b,9Router unavailable or not configured; placed in generic subject bucket
accountancy-2025-67-5-1-q1-1,9Router unavailable or not configured; placed in generic subject bucket
accountancy-2025-67-5-1-q3-3,9Router unavailable or not configured; placed in generic subject bucket
accountancy-2025-67-5-1-q3-37,9Router unavailable or not configured; placed in generic subject bucket
accountancy-2025-67-5-1-q5-5,9Router unavailable or not configured; placed in generic subject bucket
accountancy-2025-67-5-1-q7-7,9Router unavailable or not configured; placed in generic subject bucket
accountancy-2025-67-5-1-q12-12,9Router unavailable or not configured; placed in generic subject bucket
accountancy-2025-67-5-1-q13-13,9Router unavailable or not configured; placed in generic subject bucket
accountancy-2025-67-5-1-q14-14,9Router unavailable or not configured; placed in generic subject bucket
accountancy-2025-67-5-1-q16-16,9Router unavailable or not configured; placed in generic subject bucket
accountancy-2025-67-5-1-q19-19,9Router unavailable or not configured; placed in generic subject bucket
accountancy-2025-67-5-1-q19-19-or-b,9Router unavailable or not configured; placed in generic subject bucket
accountancy-2025-67-5-1-q20-20,9Router unavailable or not configured; placed in generic subject bucket
accountancy-2025-67-5-1-q22-22,9Router unavailable or not configured; placed in generic subject bucket
accountancy-2025-67-5-1-q23-23-or-b,9Router unavailable or not configured; placed in generic subject bucket
accountancy-2025-67-5-1-q25-26,9Router unavailable or not configured; placed in generic subject bucket
accountancy-2025-67-5-1-q26-28,9Router unavailable or not configured; placed in generic subject bucket
accountancy-2025-67-5-1-q26-29,9Router unavailable or not configured; placed in generic subject bucket
accountancy-2025-67-5-1-q27-30,9Router unavailable or not configured; placed in generic subject bucket
accountancy-2025-67-5-1-q27-30-or-b,9Router unavailable or not configured; placed in generic subject bucket
accountancy-2025-67-5-1-q27-41,9Router unavailable or not configured; placed in generic subject bucket
accountancy-2025-67-5-1-q27-42,9Router unavailable or not configured; placed in generic subject bucket
accountancy-2025-67-5-1-q27-42-or-b,9Router unavailable or not configured; placed in generic subject bucket
accountancy-2025-67-5-1-q28-31,9Router unavailable or not configured; placed in generic subject bucket
accountancy-2025-67-5-1-q28-43,9Router unavailable or not configured; placed in generic subject bucket
accountancy-2025-67-5-1-q29-32,9Router unavailable or not configured; placed in generic subject bucket
accountancy-2025-67-5-1-q29-32-or-b,9Router unavailable or not configured; placed in generic subject bucket
accountancy-2025-67-5-1-q29-44,9Router unavailable or not configured; placed in generic subject bucket
accountancy-2025-67-5-1-q30-33,9Router unavailable or not configured; placed in generic subject bucket
accountancy-2025-67-5-1-q30-45,9Router unavailable or not configured; placed in generic subject bucket
accountancy-2025-67-5-1-q31-34,9Router unavailable or not configured; placed in generic subject bucket
accountancy-2025-67-5-1-q31-46,9Router unavailable or not configured; placed in generic subject bucket
accountancy-2025-67-5-1-q32-47,9Router unavailable or not configured; placed in generic subject bucket
accountancy-2025-67-5-1-q33-48-or-b,9Router unavailable or not configured; placed in generic subject bucket
accountancy-2025-67-5-1-q34-40,9Router unavailable or not configured; placed in generic subject bucket
accountancy-2025-67-5-1-q34-49,9Router unavailable or not configured; placed in generic subject bucket
accountancy-2025-67-5-2-q2-2,9Router unavailable or not configured; placed in generic subject bucket
accountancy-2025-67-5-2-q3-3,9Router unavailable or not configured; placed in generic subject bucket
accountancy-2025-67-5-2-q4-4,9Router unavailable or not configured; placed in generic subject bucket
accountancy-2025-67-5-2-q9-9,9Router unavailable or not configured; placed in generic subject bucket
accountancy-2025-67-5-2-q11-11,9Router unavailable or not configured; placed in generic subject bucket
accountancy-2025-67-5-2-q13-13,9Router unavailable or not configured; placed in generic subject bucket
accountancy-2025-67-5-2-q15-15,9Router unavailable or not configured; placed in generic subject bucket
accountancy-2025-67-5-2-q16-16,9Router unavailable or not configured; placed in generic subject bucket
accountancy-2025-67-5-2-q18-18,9Router unavailable or not configured; placed in generic subject bucket
accountancy-2025-67-5-2-q18-18-or-b,9Router unavailable or not configured; placed in generic subject bucket
accountancy-2025-67-5-2-q20-20,9Router unavailable or not configured; placed in generic subject bucket
accountancy-2025-67-5-2-q22-22,9Router unavailable or not configured; placed in generic subject bucket
accountancy-2025-67-5-2-q23-24-or-b,9Router unavailable or not configured; placed in generic subject bucket
accountancy-2025-67-5-2-q26-29,9Router unavailable or not configured; placed in generic subject bucket
accountancy-2025-67-5-2-q26-30,9Router unavailable or not configured; placed in generic subject bucket
accountancy-2025-67-5-2-q27-31,9Router unavailable or not configured; placed in generic subject bucket
accountancy-2025-67-5-2-q27-39,9Router unavailable or not configured; placed in generic subject bucket
accountancy-2025-67-5-2-q28-32,9Router unavailable or not configured; placed in generic subject bucket
accountancy-2025-67-5-2-q28-32-or-b,9Router unavailable or not configured; placed in generic subject bucket
accountancy-2025-67-5-2-q28-40,9Router unavailable or not configured; placed in generic subject bucket
accountancy-2025-67-5-2-q29-33,9Router unavailable or not configured; placed in generic subject bucket
accountancy-2025-67-5-2-q29-41,9Router unavailable or not configured; placed in generic subject bucket
accountancy-2025-67-5-2-q30-34,9Router unavailable or not configured; placed in generic subject bucket
accountancy-2025-67-5-2-q30-34-or-b,9Router unavailable or not configured; placed in generic subject bucket
accountancy-2025-67-5-2-q30-42,9Router unavailable or not configured; placed in generic subject bucket
accountancy-2025-67-5-2-q30-42-or-b,9Router unavailable or not configured; placed in generic subject bucket
accountancy-2025-67-5-2-q31-35,9Router unavailable or not configured; placed in generic subject bucket
accountancy-2025-67-5-2-q31-43,9Router unavailable or not configured; placed in generic subject bucket
accountancy-2025-67-5-2-q32-36-or-b,9Router unavailable or not configured; placed in generic subject bucket
accountancy-2025-67-5-2-q32-44,9Router unavailable or not configured; placed in generic subject bucket
accountancy-2025-67-5-2-q33-45-or-b,9Router unavailable or not configured; placed in generic subject bucket
accountancy-2025-67-5-2-q34-38,9Router unavailable or not configured; placed in generic subject bucket
accountancy-2025-67-5-2-q34-46,9Router unavailable or not configured; placed in generic subject bucket
accountancy-2025-67-5-3-q3-3,9Router unavailable or not configured; placed in generic subject bucket
accountancy-2025-67-5-3-q4-4,9Router unavailable or not configured; placed in generic subject bucket
accountancy-2025-67-5-3-q5-5,9Router unavailable or not configured; placed in generic subject bucket
accountancy-2025-67-5-3-q7-7,9Router unavailable or not configured; placed in generic subject bucket
accountancy-2025-67-5-3-q9-9,9Router unavailable or not configured; placed in generic subject bucket
accountancy-2025-67-5-3-q11-11,9Router unavailable or not configured; placed in generic subject bucket
accountancy-2025-67-5-3-q13-13,9Router unavailable or not configured; placed in generic subject bucket
accountancy-2025-67-5-3-q16-16,9Router unavailable or not configured; placed in generic subject bucket
accountancy-2025-67-5-3-q19-19,9Router unavailable or not configured; placed in generic subject bucket
accountancy-2025-67-5-3-q19-19-or-b,9Router unavailable or not configured; placed in generic subject bucket
accountancy-2025-67-5-3-q20-20,9Router unavailable or not configured; placed in generic subject bucket
accountancy-2025-67-5-3-q22-22,9Router unavailable or not configured; placed in generic subject bucket
accountancy-2025-67-5-3-q23-23-or-b,9Router unavailable or not configured; placed in generic subject bucket
accountancy-2025-67-5-3-q26-28,9Router unavailable or not configured; placed in generic subject bucket
accountancy-2025-67-5-3-q26-29,9Router unavailable or not configured; placed in generic subject bucket
accountancy-2025-67-5-3-q27-30,9Router unavailable or not configured; placed in generic subject bucket
accountancy-2025-67-5-3-q27-38,9Router unavailable or not configured; placed in generic subject bucket
accountancy-2025-67-5-3-q27-38-or-b,9Router unavailable or not configured; placed in generic subject bucket
accountancy-2025-67-5-3-q28-31,9Router unavailable or not configured; placed in generic subject bucket
accountancy-2025-67-5-3-q28-31-or-b,9Router unavailable or not configured; placed in generic subject bucket
accountancy-2025-67-5-3-q28-39,9Router unavailable or not configured; placed in generic subject bucket
accountancy-2025-67-5-3-q29-32,9Router unavailable or not configured; placed in generic subject bucket
accountancy-2025-67-5-3-q29-32-or-b,9Router unavailable or not configured; placed in generic subject bucket
accountancy-2025-67-5-3-q29-40,9Router unavailable or not configured; placed in generic subject bucket
accountancy-2025-67-5-3-q29-40-or-b,9Router unavailable or not configured; placed in generic subject bucket
accountancy-2025-67-5-3-q30-33,9Router unavailable or not configured; placed in generic subject bucket
accountancy-2025-67-5-3-q30-41,9Router unavailable or not configured; placed in generic subject bucket
accountancy-2025-67-5-3-q31-34,9Router unavailable or not configured; placed in generic subject bucket
accountancy-2025-67-5-3-q31-42,9Router unavailable or not configured; placed in generic subject bucket
accountancy-2025-67-5-3-q32-35-or-b,9Router unavailable or not configured; placed in generic subject bucket
accountancy-2025-67-5-3-q32-43,9Router unavailable or not configured; placed in generic subject bucket
accountancy-2025-67-5-3-q33-44-or-b,9Router unavailable or not configured; placed in generic subject bucket
accountancy-2025-67-5-3-q34-37,9Router unavailable or not configured; placed in generic subject bucket
accountancy-2025-67-5-3-q34-45,9Router unavailable or not configured; placed in generic subject bucket
accountancy-2025-67-6-1-q1-1,9Router unavailable or not configured; placed in generic subject bucket
accountancy-2025-67-6-1-q1-39,9Router unavailable or not configured; placed in generic subject bucket
accountancy-2025-67-6-1-q2-40,9Router unavailable or not configured; placed in generic subject bucket
accountancy-2025-67-6-1-q3-3,9Router unavailable or not configured; placed in generic subject bucket
accountancy-2025-67-6-1-q3-38,9Router unavailable or not configured; placed in generic subject bucket
accountancy-2025-67-6-1-q4-4,9Router unavailable or not configured; placed in generic subject bucket
accountancy-2025-67-6-1-q4-4-or-b,9Router unavailable or not configured; placed in generic subject bucket
accountancy-2025-67-6-1-q5-5,9Router unavailable or not configured; placed in generic subject bucket
accountancy-2025-67-6-1-q7-8,9Router unavailable or not configured; placed in generic subject bucket
accountancy-2025-67-6-1-q8-9-or-b,9Router unavailable or not configured; placed in generic subject bucket
accountancy-2025-67-6-1-q9-10,9Router unavailable or not configured; placed in generic subject bucket
accountancy-2025-67-6-1-q12-13,9Router unavailable or not configured; placed in generic subject bucket
accountancy-2025-67-6-1-q16-17,9Router unavailable or not configured; placed in generic subject bucket
accountancy-2025-67-6-1-q19-20,9Router unavailable or not configured; placed in generic subject bucket
accountancy-2025-67-6-1-q19-20-or-b,9Router unavailable or not configured; placed in generic subject bucket
accountancy-2025-67-6-1-q23-24-or-b,9Router unavailable or not configured; placed in generic subject bucket
accountancy-2025-67-6-1-q24-25,9Router unavailable or not configured; placed in generic subject bucket
accountancy-2025-67-6-1-q25-27,9Router unavailable or not configured; placed in generic subject bucket
accountancy-2025-67-6-1-q25-28,9Router unavailable or not configured; placed in generic subject bucket
accountancy-2025-67-6-1-q26-29,9Router unavailable or not configured; placed in generic subject bucket
accountancy-2025-67-6-1-q26-30,9Router unavailable or not configured; placed in generic subject bucket
accountancy-2025-67-6-1-q27-31-or-b,9Router unavailable or not configured; placed in generic subject bucket
accountancy-2025-67-6-1-q27-41,9Router unavailable or not configured; placed in generic subject bucket
accountancy-2025-67-6-1-q27-42,9Router unavailable or not configured; placed in generic subject bucket
accountancy-2025-67-6-1-q27-42-or-b,9Router unavailable or not configured; placed in generic subject bucket
accountancy-2025-67-6-1-q28-43,9Router unavailable or not configured; placed in generic subject bucket
accountancy-2025-67-6-1-q29-32,9Router unavailable or not configured; placed in generic subject bucket
accountancy-2025-67-6-1-q29-32-or-b,9Router unavailable or not configured; placed in generic subject bucket
accountancy-2025-67-6-1-q29-44,9Router unavailable or not configured; placed in generic subject bucket
accountancy-2025-67-6-1-q30-45,9Router unavailable or not configured; placed in generic subject bucket
accountancy-2025-67-6-1-q31-34,9Router unavailable or not configured; placed in generic subject bucket
accountancy-2025-67-6-1-q32-46,9Router unavailable or not configured; placed in generic subject bucket
accountancy-2025-67-6-1-q33-36,9Router unavailable or not configured; placed in generic subject bucket
accountancy-2025-67-6-1-q33-36-or-b,9Router unavailable or not configured; placed in generic subject bucket
accountancy-2025-67-6-1-q33-47,9Router unavailable or not configured; placed in generic subject bucket
accountancy-2025-67-6-1-q33-47-or-b,9Router unavailable or not configured; placed in generic subject bucket
accountancy-2025-67-6-1-q34-37,9Router unavailable or not configured; placed in generic subject bucket
accountancy-2025-67-6-1-q34-48,9Router unavailable or not configured; placed in generic subject bucket
accountancy-2025-67-6-2-q1-1,9Router unavailable or not configured; placed in generic subject bucket
accountancy-2025-67-6-2-q1-39,9Router unavailable or not configured; placed in generic subject bucket
accountancy-2025-67-6-2-q2-2,9Router unavailable or not configured; placed in generic subject bucket
accountancy-2025-67-6-2-q2-40,9Router unavailable or not configured; placed in generic subject bucket
accountancy-2025-67-6-2-q3-38,9Router unavailable or not configured; placed in generic subject bucket
accountancy-2025-67-6-2-q6-6,9Router unavailable or not configured; placed in generic subject bucket
accountancy-2025-67-6-2-q9-9,9Router unavailable or not configured; placed in generic subject bucket
accountancy-2025-67-6-2-q10-10-or-b,9Router unavailable or not configured; placed in generic subject bucket
accountancy-2025-67-6-2-q11-11,9Router unavailable or not configured; placed in generic subject bucket
accountancy-2025-67-6-2-q13-13,9Router unavailable or not configured; placed in generic subject bucket
accountancy-2025-67-6-2-q14-15,9Router unavailable or not configured; placed in generic subject bucket
accountancy-2025-67-6-2-q14-15-or-b,9Router unavailable or not configured; placed in generic subject bucket
accountancy-2025-67-6-2-q15-16,9Router unavailable or not configured; placed in generic subject bucket
accountancy-2025-67-6-2-q20-21,9Router unavailable or not configured; placed in generic subject bucket
accountancy-2025-67-6-2-q20-21-or-b,9Router unavailable or not configured; placed in generic subject bucket
accountancy-2025-67-6-2-q23-24,9Router unavailable or not configured; placed in generic subject bucket
accountancy-2025-67-6-2-q24-26-or-b,9Router unavailable or not configured; placed in generic subject bucket
accountancy-2025-67-6-2-q25-27,9Router unavailable or not configured; placed in generic subject bucket
accountancy-2025-67-6-2-q25-28,9Router unavailable or not configured; placed in generic subject bucket
accountancy-2025-67-6-2-q26-29,9Router unavailable or not configured; placed in generic subject bucket
accountancy-2025-67-6-2-q27-41,9Router unavailable or not configured; placed in generic subject bucket
accountancy-2025-67-6-2-q28-32,9Router unavailable or not configured; placed in generic subject bucket
accountancy-2025-67-6-2-q28-32-or-b,9Router unavailable or not configured; placed in generic subject bucket
accountancy-2025-67-6-2-q28-42,9Router unavailable or not configured; placed in generic subject bucket
accountancy-2025-67-6-2-q28-42-or-b,9Router unavailable or not configured; placed in generic subject bucket
accountancy-2025-67-6-2-q29-43,9Router unavailable or not configured; placed in generic subject bucket
accountancy-2025-67-6-2-q30-33-or-b,9Router unavailable or not configured; placed in generic subject bucket
accountancy-2025-67-6-2-q30-44,9Router unavailable or not configured; placed in generic subject bucket
accountancy-2025-67-6-2-q30-44-or-b,9Router unavailable or not configured; placed in generic subject bucket
accountancy-2025-67-6-2-q31-34,9Router unavailable or not configured; placed in generic subject bucket
accountancy-2025-67-6-2-q31-45,9Router unavailable or not configured; placed in generic subject bucket
accountancy-2025-67-6-2-q33-36,9Router unavailable or not configured; placed in generic subject bucket
accountancy-2025-67-6-2-q33-36-or-b,9Router unavailable or not configured; placed in generic subject bucket
accountancy-2025-67-6-2-q33-46,9Router unavailable or not configured; placed in generic subject bucket
accountancy-2025-67-6-2-q33-46-or-b,9Router unavailable or not configured; placed in generic subject bucket
accountancy-2025-67-6-2-q34-37,9Router unavailable or not configured; placed in generic subject bucket
accountancy-2025-67-6-2-q34-47,9Router unavailable or not configured; placed in generic subject bucket
accountancy-2025-67-6-3-q1-1,9Router unavailable or not configured; placed in generic subject bucket
accountancy-2025-67-6-3-q1-38,9Router unavailable or not configured; placed in generic subject bucket
accountancy-2025-67-6-3-q2-2,9Router unavailable or not configured; placed in generic subject bucket
accountancy-2025-67-6-3-q2-39,9Router unavailable or not configured; placed in generic subject bucket
accountancy-2025-67-6-3-q3-37,9Router unavailable or not configured; placed in generic subject bucket
accountancy-2025-67-6-3-q4-4,9Router unavailable or not configured; placed in generic subject bucket
accountancy-2025-67-6-3-q8-8,9Router unavailable or not configured; placed in generic subject bucket
accountancy-2025-67-6-3-q13-13,9Router unavailable or not configured; placed in generic subject bucket
accountancy-2025-67-6-3-q14-14,9Router unavailable or not configured; placed in generic subject bucket
accountancy-2025-67-6-3-q16-16,9Router unavailable or not configured; placed in generic subject bucket
accountancy-2025-67-6-3-q20-20,9Router unavailable or not configured; placed in generic subject bucket
accountancy-2025-67-6-3-q20-20-or-b,9Router unavailable or not configured; placed in generic subject bucket
accountancy-2025-67-6-3-q24-24,9Router unavailable or not configured; placed in generic subject bucket
accountancy-2025-67-6-3-q24-25,9Router unavailable or not configured; placed in generic subject bucket
accountancy-2025-67-6-3-q27-40,9Router unavailable or not configured; placed in generic subject bucket
accountancy-2025-67-6-3-q27-41,9Router unavailable or not configured; placed in generic subject bucket
accountancy-2025-67-6-3-q28-42,9Router unavailable or not configured; placed in generic subject bucket
accountancy-2025-67-6-3-q29-31-or-b,9Router unavailable or not configured; placed in generic subject bucket
accountancy-2025-67-6-3-q29-43,9Router unavailable or not configured; placed in generic subject bucket
accountancy-2025-67-6-3-q29-43-or-b,9Router unavailable or not configured; placed in generic subject bucket
accountancy-2025-67-6-3-q30-32,9Router unavailable or not configured; placed in generic subject bucket
accountancy-2025-67-6-3-q30-32-or-b,9Router unavailable or not configured; placed in generic subject bucket
accountancy-2025-67-6-3-q30-44,9Router unavailable or not configured; placed in generic subject bucket
accountancy-2025-67-6-3-q31-33,9Router unavailable or not configured; placed in generic subject bucket
accountancy-2025-67-6-3-q32-45,9Router unavailable or not configured; placed in generic subject bucket
accountancy-2025-67-6-3-q33-35,9Router unavailable or not configured; placed in generic subject bucket
accountancy-2025-67-6-3-q33-35-or-b,9Router unavailable or not configured; placed in generic subject bucket
accountancy-2025-67-6-3-q33-46,9Router unavailable or not configured; placed in generic subject bucket
accountancy-2025-67-6-3-q33-46-or-b,9Router unavailable or not configured; placed in generic subject bucket
accountancy-2025-67-6-3-q34-36,9Router unavailable or not configured; placed in generic subject bucket
accountancy-2025-67-6-3-q34-47,9Router unavailable or not configured; placed in generic subject bucket
accountancy-2025-67-7-1-q1-1,9Router unavailable or not configured; placed in generic subject bucket
accountancy-2025-67-7-1-q2-2,9Router unavailable or not configured; placed in generic subject bucket
accountancy-2025-67-7-1-q3-3,9Router unavailable or not configured; placed in generic subject bucket
accountancy-2025-67-7-1-q5-5-or-b,9Router unavailable or not configured; placed in generic subject bucket
accountancy-2025-67-7-1-q7-7,9Router unavailable or not configured; placed in generic subject bucket
accountancy-2025-67-7-1-q7-7-or-b,9Router unavailable or not configured; placed in generic subject bucket
accountancy-2025-67-7-1-q8-8-or-b,9Router unavailable or not configured; placed in generic subject bucket
accountancy-2025-67-7-1-q9-9,9Router unavailable or not configured; placed in generic subject bucket
accountancy-2025-67-7-1-q11-11,9Router unavailable or not configured; placed in generic subject bucket
accountancy-2025-67-7-1-q12-12,9Router unavailable or not configured; placed in generic subject bucket
accountancy-2025-67-7-1-q16-16,9Router unavailable or not configured; placed in generic subject bucket
accountancy-2025-67-7-1-q17-17,9Router unavailable or not configured; placed in generic subject bucket
accountancy-2025-67-7-1-q19-19,9Router unavailable or not configured; placed in generic subject bucket
accountancy-2025-67-7-1-q21-21,9Router unavailable or not configured; placed in generic subject bucket
accountancy-2025-67-7-1-q23-23-or-b,9Router unavailable or not configured; placed in generic subject bucket
accountancy-2025-67-7-1-q27-38,9Router unavailable or not configured; placed in generic subject bucket
accountancy-2025-67-7-1-q27-39,9Router unavailable or not configured; placed in generic subject bucket
accountancy-2025-67-7-1-q27-39-or-b,9Router unavailable or not configured; placed in generic subject bucket
accountancy-2025-67-7-1-q28-31,9Router unavailable or not configured; placed in generic subject bucket
accountancy-2025-67-7-1-q28-41,9Router unavailable or not configured; placed in generic subject bucket
accountancy-2025-67-7-1-q29-32,9Router unavailable or not configured; placed in generic subject bucket
accountancy-2025-67-7-1-q29-32-or-b,9Router unavailable or not configured; placed in generic subject bucket
accountancy-2025-67-7-1-q29-40,9Router unavailable or not configured; placed in generic subject bucket
accountancy-2025-67-7-1-q29-42,9Router unavailable or not configured; placed in generic subject bucket
accountancy-2025-67-7-1-q29-42-or-b,9Router unavailable or not configured; placed in generic subject bucket
accountancy-2025-67-7-1-q30-33,9Router unavailable or not configured; placed in generic subject bucket
accountancy-2025-67-7-1-q30-43,9Router unavailable or not configured; placed in generic subject bucket
accountancy-2025-67-7-1-q31-34,9Router unavailable or not configured; placed in generic subject bucket
accountancy-2025-67-7-1-q31-44,9Router unavailable or not configured; placed in generic subject bucket
accountancy-2025-67-7-1-q32-45,9Router unavailable or not configured; placed in generic subject bucket
accountancy-2025-67-7-1-q33-46,9Router unavailable or not configured; placed in generic subject bucket
accountancy-2025-67-7-1-q34-37,9Router unavailable or not configured; placed in generic subject bucket
accountancy-2025-67-7-1-q34-47,9Router unavailable or not configured; placed in generic subject bucket
accountancy-2025-67-7-2-q1-1,9Router unavailable or not configured; placed in generic subject bucket
accountancy-2025-67-7-2-q1-1-or-b,9Router unavailable or not configured; placed in generic subject bucket
accountancy-2025-67-7-2-q1-38,9Router unavailable or not configured; placed in generic subject bucket
accountancy-2025-67-7-2-q2-2-or-b,9Router unavailable or not configured; placed in generic subject bucket
accountancy-2025-67-7-2-q2-36,9Router unavailable or not configured; placed in generic subject bucket
accountancy-2025-67-7-2-q2-39,9Router unavailable or not configured; placed in generic subject bucket
accountancy-2025-67-7-2-q3-37,9Router unavailable or not configured; placed in generic subject bucket
accountancy-2025-67-7-2-q4-4,9Router unavailable or not configured; placed in generic subject bucket
accountancy-2025-67-7-2-q5-5,9Router unavailable or not configured; placed in generic subject bucket
accountancy-2025-67-7-2-q8-8,9Router unavailable or not configured; placed in generic subject bucket
accountancy-2025-67-7-2-q9-9,9Router unavailable or not configured; placed in generic subject bucket
accountancy-2025-67-7-2-q10-10,9Router unavailable or not configured; placed in generic subject bucket
accountancy-2025-67-7-2-q11-11,9Router unavailable or not configured; placed in generic subject bucket
accountancy-2025-67-7-2-q12-12,9Router unavailable or not configured; placed in generic subject bucket
accountancy-2025-67-7-2-q15-15-or-b,9Router unavailable or not configured; placed in generic subject bucket
accountancy-2025-67-7-2-q17-17,9Router unavailable or not configured; placed in generic subject bucket
accountancy-2025-67-7-2-q18-18,9Router unavailable or not configured; placed in generic subject bucket
accountancy-2025-67-7-2-q18-18-or-b,9Router unavailable or not configured; placed in generic subject bucket
accountancy-2025-67-7-2-q21-21,9Router unavailable or not configured; placed in generic subject bucket
accountancy-2025-67-7-2-q25-27,9Router unavailable or not configured; placed in generic subject bucket
accountancy-2025-67-7-2-q27-30,9Router unavailable or not configured; placed in generic subject bucket
accountancy-2025-67-7-2-q27-43,9Router unavailable or not configured; placed in generic subject bucket
accountancy-2025-67-7-2-q28-31,9Router unavailable or not configured; placed in generic subject bucket
accountancy-2025-67-7-2-q28-31-or-b,9Router unavailable or not configured; placed in generic subject bucket
accountancy-2025-67-7-2-q28-42,9Router unavailable or not configured; placed in generic subject bucket
accountancy-2025-67-7-2-q28-44,9Router unavailable or not configured; placed in generic subject bucket
accountancy-2025-67-7-2-q28-44-or-b,9Router unavailable or not configured; placed in generic subject bucket
accountancy-2025-67-7-2-q29-45,9Router unavailable or not configured; placed in generic subject bucket
accountancy-2025-67-7-2-q30-33,9Router unavailable or not configured; placed in generic subject bucket
accountancy-2025-67-7-2-q30-46,9Router unavailable or not configured; placed in generic subject bucket
accountancy-2025-67-7-2-q30-46-or-b,9Router unavailable or not configured; placed in generic subject bucket
accountancy-2025-67-7-2-q31-34,9Router unavailable or not configured; placed in generic subject bucket
accountancy-2025-67-7-2-q31-47,9Router unavailable or not configured; placed in generic subject bucket
accountancy-2025-67-7-2-q32-48,9Router unavailable or not configured; placed in generic subject bucket
accountancy-2025-67-7-2-q33-49,9Router unavailable or not configured; placed in generic subject bucket
accountancy-2025-67-7-2-q34-41,9Router unavailable or not configured; placed in generic subject bucket
accountancy-2025-67-7-3-q1-1,9Router unavailable or not configured; placed in generic subject bucket
accountancy-2025-67-7-3-q1-39,9Router unavailable or not configured; placed in generic subject bucket
accountancy-2025-67-7-3-q2-37,9Router unavailable or not configured; placed in generic subject bucket
accountancy-2025-67-7-3-q2-40,9Router unavailable or not configured; placed in generic subject bucket
accountancy-2025-67-7-3-q3-38,9Router unavailable or not configured; placed in generic subject bucket
accountancy-2025-67-7-3-q4-4,9Router unavailable or not configured; placed in generic subject bucket
accountancy-2025-67-7-3-q5-5,9Router unavailable or not configured; placed in generic subject bucket
accountancy-2025-67-7-3-q7-7-or-b,9Router unavailable or not configured; placed in generic subject bucket
accountancy-2025-67-7-3-q8-8,9Router unavailable or not configured; placed in generic subject bucket
accountancy-2025-67-7-3-q8-8-or-b,9Router unavailable or not configured; placed in generic subject bucket
accountancy-2025-67-7-3-q9-9,9Router unavailable or not configured; placed in generic subject bucket
accountancy-2025-67-7-3-q11-11-or-b,9Router unavailable or not configured; placed in generic subject bucket
accountancy-2025-67-7-3-q14-14,9Router unavailable or not configured; placed in generic subject bucket
accountancy-2025-67-7-3-q15-15,9Router unavailable or not configured; placed in generic subject bucket
accountancy-2025-67-7-3-q16-16,9Router unavailable or not configured; placed in generic subject bucket
accountancy-2025-67-7-3-q17-17,9Router unavailable or not configured; placed in generic subject bucket
accountancy-2025-67-7-3-q19-19,9Router unavailable or not configured; placed in generic subject bucket
accountancy-2025-67-7-3-q21-21,9Router unavailable or not configured; placed in generic subject bucket
accountancy-2025-67-7-3-q23-23,9Router unavailable or not configured; placed in generic subject bucket
accountancy-2025-67-7-3-q26-29,9Router unavailable or not configured; placed in generic subject bucket
accountancy-2025-67-7-3-q26-30,9Router unavailable or not configured; placed in generic subject bucket
accountancy-2025-67-7-3-q27-31,9Router unavailable or not configured; placed in generic subject bucket
accountancy-2025-67-7-3-q27-31-or-b,9Router unavailable or not configured; placed in generic subject bucket
accountancy-2025-67-7-3-q27-43,9Router unavailable or not configured; placed in generic subject bucket
accountancy-2025-67-7-3-q27-44,9Router unavailable or not configured; placed in generic subject bucket
accountancy-2025-67-7-3-q27-44-or-b,9Router unavailable or not configured; placed in generic subject bucket
accountancy-2025-67-7-3-q28-45,9Router unavailable or not configured; placed in generic subject bucket
accountancy-2025-67-7-3-q29-33,9Router unavailable or not configured; placed in generic subject bucket
accountancy-2025-67-7-3-q29-46,9Router unavailable or not configured; placed in generic subject bucket
accountancy-2025-67-7-3-q29-46-or-b,9Router unavailable or not configured; placed in generic subject bucket
accountancy-2025-67-7-3-q30-34,9Router unavailable or not configured; placed in generic subject bucket
accountancy-2025-67-7-3-q30-47,9Router unavailable or not configured; placed in generic subject bucket
accountancy-2025-67-7-3-q31-35,9Router unavailable or not configured; placed in generic subject bucket
accountancy-2025-67-7-3-q31-48,9Router unavailable or not configured; placed in generic subject bucket
accountancy-2025-67-7-3-q32-49,9Router unavailable or not configured; placed in generic subject bucket
accountancy-2025-67-7-3-q33-50,9Router unavailable or not configured; placed in generic subject bucket
accountancy-2025-67-7-3-q34-42,9Router unavailable or not configured; placed in generic subject bucket
accountancy-2025-67-7-3-q34-51,9Router unavailable or not configured; placed in generic subject bucket
business-studies-2025-26-sqp-q1-1,9Router unavailable or not configured; placed in generic subject bucket
business-studies-2025-26-sqp-q3-3,9Router unavailable or not configured; placed in generic subject bucket
business-studies-2025-26-sqp-q4-4,9Router unavailable or not configured; placed in generic subject bucket
business-studies-2025-26-sqp-q5-5,9Router unavailable or not configured; placed in generic subject bucket
business-studies-2025-26-sqp-q8-8,9Router unavailable or not configured; placed in generic subject bucket
business-studies-2025-26-sqp-q9-9,9Router unavailable or not configured; placed in generic subject bucket
business-studies-2025-26-sqp-q10-10,9Router unavailable or not configured; placed in generic subject bucket
business-studies-2025-26-sqp-q11-11,9Router unavailable or not configured; placed in generic subject bucket
business-studies-2025-26-sqp-q14-14,9Router unavailable or not configured; placed in generic subject bucket
business-studies-2025-26-sqp-q16-16,9Router unavailable or not configured; placed in generic subject bucket
business-studies-2025-26-sqp-q17-17,9Router unavailable or not configured; placed in generic subject bucket
business-studies-2025-26-sqp-q18-18,9Router unavailable or not configured; placed in generic subject bucket
business-studies-2025-26-sqp-q19-19,9Router unavailable or not configured; placed in generic subject bucket
business-studies-2025-26-sqp-q20-20,9Router unavailable or not configured; placed in generic subject bucket
business-studies-2025-26-sqp-q21-21,9Router unavailable or not configured; placed in generic subject bucket
business-studies-2025-26-sqp-q21-21-or-b,9Router unavailable or not configured; placed in generic subject bucket
business-studies-2025-26-sqp-q22-22,9Router unavailable or not configured; placed in generic subject bucket
business-studies-2025-26-sqp-q23-23,9Router unavailable or not configured; placed in generic subject bucket
business-studies-2025-26-sqp-q23-23-or-b,9Router unavailable or not configured; placed in generic subject bucket
business-studies-2025-26-sqp-q24-24,9Router unavailable or not configured; placed in generic subject bucket
business-studies-2025-26-sqp-q25-25-or-b,9Router unavailable or not configured; placed in generic subject bucket
business-studies-2025-26-sqp-q26-26,9Router unavailable or not configured; placed in generic subject bucket
business-studies-2025-26-sqp-q28-28,9Router unavailable or not configured; placed in generic subject bucket
business-studies-2025-26-sqp-q29-29,9Router unavailable or not configured; placed in generic subject bucket
business-studies-2025-26-sqp-q30-30,9Router unavailable or not configured; placed in generic subject bucket
business-studies-2025-26-sqp-q31-31,9Router unavailable or not configured; placed in generic subject bucket
business-studies-2025-26-sqp-q32-32,9Router unavailable or not configured; placed in generic subject bucket
business-studies-2025-26-sqp-q33-33,9Router unavailable or not configured; placed in generic subject bucket
economics-2025-26-sqp-q1-1,9Router unavailable or not configured; placed in generic subject bucket
economics-2025-26-sqp-q3-3,9Router unavailable or not configured; placed in generic subject bucket
economics-2025-26-sqp-q4-4,9Router unavailable or not configured; placed in generic subject bucket
economics-2025-26-sqp-q5-5,9Router unavailable or not configured; placed in generic subject bucket
economics-2025-26-sqp-q7-7,9Router unavailable or not configured; placed in generic subject bucket
economics-2025-26-sqp-q8-8,9Router unavailable or not configured; placed in generic subject bucket
economics-2025-26-sqp-q9-9,9Router unavailable or not configured; placed in generic subject bucket
economics-2025-26-sqp-q10-10,9Router unavailable or not configured; placed in generic subject bucket
economics-2025-26-sqp-q11-11,9Router unavailable or not configured; placed in generic subject bucket
economics-2025-26-sqp-q12-12,9Router unavailable or not configured; placed in generic subject bucket
economics-2025-26-sqp-q12-12-or-b,9Router unavailable or not configured; placed in generic subject bucket
economics-2025-26-sqp-q13-13,9Router unavailable or not configured; placed in generic subject bucket
economics-2025-26-sqp-q13-13-or-b,9Router unavailable or not configured; placed in generic subject bucket
economics-2025-26-sqp-q15-15,9Router unavailable or not configured; placed in generic subject bucket
economics-2025-26-sqp-q16-16,9Router unavailable or not configured; placed in generic subject bucket
economics-2025-26-sqp-q19-19,9Router unavailable or not configured; placed in generic subject bucket
economics-2025-26-sqp-q20-20,9Router unavailable or not configured; placed in generic subject bucket
economics-2025-26-sqp-q21-21,9Router unavailable or not configured; placed in generic subject bucket
economics-2025-26-sqp-q22-22,9Router unavailable or not configured; placed in generic subject bucket
economics-2025-26-sqp-q23-23,9Router unavailable or not configured; placed in generic subject bucket
economics-2025-26-sqp-q25-25,9Router unavailable or not configured; placed in generic subject bucket
economics-2025-26-sqp-q26-26,9Router unavailable or not configured; placed in generic subject bucket
economics-2025-26-sqp-q27-27,9Router unavailable or not configured; placed in generic subject bucket
economics-2025-26-sqp-q28-28,9Router unavailable or not configured; placed in generic subject bucket
economics-2025-26-sqp-q29-29,9Router unavailable or not configured; placed in generic subject bucket
economics-2025-26-sqp-q30-30,9Router unavailable or not configured; placed in generic subject bucket
economics-2025-26-sqp-q30-30-or-b,9Router unavailable or not configured; placed in generic subject bucket
economics-2025-26-sqp-q31-31,9Router unavailable or not configured; placed in generic subject bucket
economics-2025-26-sqp-q32-32,9Router unavailable or not configured; placed in generic subject bucket
economics-2025-26-sqp-q33-33,9Router unavailable or not configured; placed in generic subject bucket
economics-2025-26-sqp-q33-33-or-b,9Router unavailable or not configured; placed in generic subject bucket
economics-2025-26-sqp-q34-34,9Router unavailable or not configured; placed in generic subject bucket