dupe_group,canonical_id,variant_id,variant_status,reason
dupe-1,accountancy-2024-67-1-1-q2-2,accountancy-2024-67-1-2-q5-5,set_variant,cross-source duplicate kept with canonical link
dupe-1,accountancy-2024-67-1-1-q2-2,accountancy-2024-67-1-3-q9-9,set_variant,cross-source duplicate kept with canonical link
dupe-2,accountancy-2024-67-1-1-q3-3,accountancy-2024-67-1-2-q3-3,set_variant,cross-source duplicate kept with canonical link
dupe-2,accountancy-2024-67-1-1-q3-3,accountancy-2024-67-1-3-q15-15,set_variant,cross-source duplicate kept with canonical link
dupe-3,accountancy-2024-67-1-1-q4-4,accountancy-2024-67-1-2-q1-1,set_variant,cross-source duplicate kept with canonical link
dupe-3,accountancy-2024-67-1-1-q4-4,accountancy-2024-67-1-3-q10-10,set_variant,cross-source duplicate kept with canonical link
dupe-4,accountancy-2024-67-1-1-q5-5,accountancy-2024-67-1-2-q2-2,set_variant,cross-source duplicate kept with canonical link
dupe-4,accountancy-2024-67-1-1-q5-5,accountancy-2024-67-1-3-q16-16,set_variant,cross-source duplicate kept with canonical link
dupe-5,accountancy-2024-67-1-1-q6-6,accountancy-2024-67-1-2-q6-6,set_variant,cross-source duplicate kept with canonical link
dupe-6,accountancy-2024-67-1-1-q7-7,accountancy-2024-67-1-2-q7-7,set_variant,cross-source duplicate kept with canonical link
dupe-6,accountancy-2024-67-1-1-q7-7,accountancy-2024-67-1-3-q7-7,set_variant,cross-source duplicate kept with canonical link
dupe-7,accountancy-2024-67-1-1-q8-8,accountancy-2024-67-1-3-q8-8,set_variant,cross-source duplicate kept with canonical link
dupe-8,accountancy-2024-67-1-1-q9-9,accountancy-2024-67-1-2-q12-12,set_variant,cross-source duplicate kept with canonical link
dupe-8,accountancy-2024-67-1-1-q9-9,accountancy-2024-67-1-3-q5-5,set_variant,cross-source duplicate kept with canonical link
dupe-9,accountancy-2024-67-1-1-q10-10,accountancy-2024-67-1-2-q14-14,set_variant,cross-source duplicate kept with canonical link
dupe-9,accountancy-2024-67-1-1-q10-10,accountancy-2024-67-1-3-q12-12,set_variant,cross-source duplicate kept with canonical link
dupe-10,accountancy-2024-67-1-1-q11-11,accountancy-2024-67-1-2-q13-13,set_variant,cross-source duplicate kept with canonical link
dupe-10,accountancy-2024-67-1-1-q11-11,accountancy-2024-67-1-3-q3-3,set_variant,cross-source duplicate kept with canonical link
dupe-11,accountancy-2024-67-1-1-q12-12,accountancy-2024-67-1-2-q15-15,set_variant,cross-source duplicate kept with canonical link
dupe-11,accountancy-2024-67-1-1-q12-12,accountancy-2024-67-2-1-q9-9,set_variant,cross-source duplicate kept with canonical link
dupe-11,accountancy-2024-67-1-1-q12-12,accountancy-2024-67-2-2-q1-1,set_variant,cross-source duplicate kept with canonical link
dupe-11,accountancy-2024-67-1-1-q12-12,accountancy-2024-67-2-3-q3-3,set_variant,cross-source duplicate kept with canonical link
dupe-12,accountancy-2024-67-1-1-q13-13,accountancy-2024-67-1-2-q16-16,set_variant,cross-source duplicate kept with canonical link
dupe-12,accountancy-2024-67-1-1-q13-13,accountancy-2024-67-1-3-q2-2,set_variant,cross-source duplicate kept with canonical link
dupe-13,accountancy-2024-67-1-1-q19-19,accountancy-2024-67-1-2-q20-20,set_variant,cross-source duplicate kept with canonical link
dupe-13,accountancy-2024-67-1-1-q19-19,accountancy-2024-67-1-3-q19-19,set_variant,cross-source duplicate kept with canonical link
dupe-14,accountancy-2024-67-1-1-q19-19-or-b,accountancy-2024-67-1-2-q20-20-or-b,set_variant,cross-source duplicate kept with canonical link
dupe-14,accountancy-2024-67-1-1-q19-19-or-b,accountancy-2024-67-1-3-q19-19-or-b,set_variant,cross-source duplicate kept with canonical link
dupe-15,accountancy-2024-67-1-1-q20-20,accountancy-2024-67-1-2-q19-19,set_variant,cross-source duplicate kept with canonical link
dupe-15,accountancy-2024-67-1-1-q20-20,accountancy-2024-67-1-3-q20-20,set_variant,cross-source duplicate kept with canonical link
dupe-16,accountancy-2024-67-1-1-q20-20-or-b,accountancy-2024-67-1-2-q19-19-or-b,set_variant,cross-source duplicate kept with canonical link
dupe-16,accountancy-2024-67-1-1-q20-20-or-b,accountancy-2024-67-1-3-q20-20-or-b,set_variant,cross-source duplicate kept with canonical link
dupe-17,accountancy-2024-67-1-1-q22-22,accountancy-2024-67-1-2-q21-21,set_variant,cross-source duplicate kept with canonical link
dupe-17,accountancy-2024-67-1-1-q22-22,accountancy-2024-67-1-3-q22-22,set_variant,cross-source duplicate kept with canonical link
dupe-18,accountancy-2024-67-1-1-q25-25,accountancy-2024-67-1-3-q25-25,set_variant,cross-source duplicate kept with canonical link
dupe-19,accountancy-2024-67-1-1-q25-25-or-b,accountancy-2024-67-1-3-q25-25-or-b,set_variant,cross-source duplicate kept with canonical link
dupe-20,accountancy-2024-67-1-1-q26-26-or-b,accountancy-2024-67-1-3-q26-26-or-b,set_variant,cross-source duplicate kept with canonical link
dupe-21,accountancy-2024-67-1-1-q27-27,accountancy-2024-67-1-3-q29-29,set_variant,cross-source duplicate kept with canonical link
dupe-22,accountancy-2024-67-1-1-q27-34,accountancy-2024-67-1-2-q30-38,set_variant,cross-source duplicate kept with canonical link
dupe-22,accountancy-2024-67-1-1-q27-34,accountancy-2024-67-1-3-q29-36,set_variant,cross-source duplicate kept with canonical link
dupe-23,accountancy-2024-67-1-1-q29-29,accountancy-2024-67-1-2-q28-28,set_variant,cross-source duplicate kept with canonical link
dupe-23,accountancy-2024-67-1-1-q29-29,accountancy-2024-67-1-3-q27-27,set_variant,cross-source duplicate kept with canonical link
dupe-24,accountancy-2024-67-1-1-q29-29-or-b,accountancy-2024-67-1-2-q28-28-or-b,set_variant,cross-source duplicate kept with canonical link
dupe-24,accountancy-2024-67-1-1-q29-29-or-b,accountancy-2024-67-1-3-q27-27-or-b,set_variant,cross-source duplicate kept with canonical link
dupe-25,accountancy-2024-67-1-1-q29-36,accountancy-2024-67-1-2-q28-36,set_variant,cross-source duplicate kept with canonical link
dupe-25,accountancy-2024-67-1-1-q29-36,accountancy-2024-67-1-3-q27-34,set_variant,cross-source duplicate kept with canonical link
dupe-26,accountancy-2024-67-1-1-q33-33,accountancy-2024-67-1-3-q33-33,set_variant,cross-source duplicate kept with canonical link
dupe-27,accountancy-2024-67-1-1-q33-33-or-b,accountancy-2024-67-1-3-q33-33-or-b,set_variant,cross-source duplicate kept with canonical link
dupe-28,accountancy-2024-67-1-1-q33-39,accountancy-2024-67-1-3-q33-39,set_variant,cross-source duplicate kept with canonical link
dupe-29,accountancy-2024-67-1-1-q33-39-or-b,accountancy-2024-67-1-3-q33-39-or-b,set_variant,cross-source duplicate kept with canonical link
dupe-30,accountancy-2024-67-1-2-q4-4-or-b,accountancy-2024-67-1-3-q4-4-or-b,set_variant,cross-source duplicate kept with canonical link
dupe-31,accountancy-2024-67-1-2-q10-10,accountancy-2024-67-1-3-q13-13,set_variant,cross-source duplicate kept with canonical link
dupe-32,accountancy-2024-67-1-2-q27-27-or-b,accountancy-2024-67-1-3-q28-28-or-b,set_variant,cross-source duplicate kept with canonical link
dupe-33,accountancy-2024-67-1-2-q27-35,accountancy-2024-67-1-3-q28-35,set_variant,cross-source duplicate kept with canonical link
dupe-34,accountancy-2024-67-1-2-q29-37,accountancy-2024-67-1-3-q30-37,set_variant,cross-source duplicate kept with canonical link
dupe-35,accountancy-2024-67-2-1-q1-1,accountancy-2024-67-2-2-q9-9,set_variant,cross-source duplicate kept with canonical link
dupe-35,accountancy-2024-67-2-1-q1-1,accountancy-2024-67-2-3-q8-8,set_variant,cross-source duplicate kept with canonical link
dupe-36,accountancy-2024-67-2-1-q2-2,accountancy-2024-67-2-2-q12-12,set_variant,cross-source duplicate kept with canonical link
dupe-36,accountancy-2024-67-2-1-q2-2,accountancy-2024-67-2-3-q11-11,set_variant,cross-source duplicate kept with canonical link
dupe-37,accountancy-2024-67-2-1-q3-3,accountancy-2024-67-2-2-q8-8,set_variant,cross-source duplicate kept with canonical link
dupe-37,accountancy-2024-67-2-1-q3-3,accountancy-2024-67-2-3-q16-16,set_variant,cross-source duplicate kept with canonical link
dupe-38,accountancy-2024-67-2-1-q4-4,accountancy-2024-67-2-2-q5-5,set_variant,cross-source duplicate kept with canonical link
dupe-39,accountancy-2024-67-2-1-q6-6,accountancy-2024-67-2-2-q11-11,set_variant,cross-source duplicate kept with canonical link
dupe-39,accountancy-2024-67-2-1-q6-6,accountancy-2024-67-2-3-q2-2,set_variant,cross-source duplicate kept with canonical link
dupe-40,accountancy-2024-67-2-1-q7-7,accountancy-2024-67-2-2-q10-10,set_variant,cross-source duplicate kept with canonical link
dupe-40,accountancy-2024-67-2-1-q7-7,accountancy-2024-67-2-3-q9-9,set_variant,cross-source duplicate kept with canonical link
dupe-41,accountancy-2024-67-2-1-q8-8,accountancy-2024-67-2-2-q16-16,set_variant,cross-source duplicate kept with canonical link
dupe-41,accountancy-2024-67-2-1-q8-8,accountancy-2024-67-2-3-q5-5,set_variant,cross-source duplicate kept with canonical link
dupe-42,accountancy-2024-67-2-1-q10-10,accountancy-2024-67-2-3-q6-6,set_variant,cross-source duplicate kept with canonical link
dupe-43,accountancy-2024-67-2-1-q11-11,accountancy-2024-67-2-2-q2-2,set_variant,cross-source duplicate kept with canonical link
dupe-43,accountancy-2024-67-2-1-q11-11,accountancy-2024-67-2-3-q7-7,set_variant,cross-source duplicate kept with canonical link
dupe-44,accountancy-2024-67-2-1-q12-12,accountancy-2024-67-2-2-q7-7,set_variant,cross-source duplicate kept with canonical link
dupe-44,accountancy-2024-67-2-1-q12-12,accountancy-2024-67-2-3-q4-4,set_variant,cross-source duplicate kept with canonical link
dupe-45,accountancy-2024-67-2-1-q14-14,accountancy-2024-67-2-2-q15-15,set_variant,cross-source duplicate kept with canonical link
dupe-45,accountancy-2024-67-2-1-q14-14,accountancy-2024-67-2-3-q15-15,set_variant,cross-source duplicate kept with canonical link
dupe-46,accountancy-2024-67-2-1-q15-15,accountancy-2024-67-2-2-q14-14,set_variant,cross-source duplicate kept with canonical link
dupe-46,accountancy-2024-67-2-1-q15-15,accountancy-2024-67-2-3-q14-14,set_variant,cross-source duplicate kept with canonical link
dupe-47,accountancy-2024-67-2-1-q17-17,accountancy-2024-67-2-2-q19-19,set_variant,cross-source duplicate kept with canonical link
dupe-47,accountancy-2024-67-2-1-q17-17,accountancy-2024-67-2-3-q17-17,set_variant,cross-source duplicate kept with canonical link
dupe-48,accountancy-2024-67-2-1-q17-17-or-b,accountancy-2024-67-2-3-q17-17-or-b,set_variant,cross-source duplicate kept with canonical link
dupe-49,accountancy-2024-67-2-1-q19-19,accountancy-2024-67-2-2-q17-17,set_variant,cross-source duplicate kept with canonical link
dupe-49,accountancy-2024-67-2-1-q19-19,accountancy-2024-67-2-3-q19-19,set_variant,cross-source duplicate kept with canonical link
dupe-50,accountancy-2024-67-2-1-q21-21,accountancy-2024-67-2-2-q22-22,set_variant,cross-source duplicate kept with canonical link
dupe-50,accountancy-2024-67-2-1-q21-21,accountancy-2024-67-2-3-q21-21,set_variant,cross-source duplicate kept with canonical link
dupe-51,accountancy-2024-67-2-1-q25-25-or-b,accountancy-2024-67-2-3-q25-25-or-b,set_variant,cross-source duplicate kept with canonical link
dupe-52,accountancy-2024-67-2-1-q26-26,accountancy-2024-67-2-3-q26-26,set_variant,cross-source duplicate kept with canonical link
dupe-53,accountancy-2024-67-2-1-q26-26-or-b,accountancy-2024-67-2-3-q26-26-or-b,set_variant,cross-source duplicate kept with canonical link
dupe-54,accountancy-2024-67-2-1-q28-28,accountancy-2024-67-2-2-q29-29,set_variant,cross-source duplicate kept with canonical link
dupe-55,accountancy-2024-67-2-1-q28-35,accountancy-2024-67-2-3-q30-38,set_variant,cross-source duplicate kept with canonical link
dupe-56,accountancy-2024-67-2-1-q28-35-or-b,accountancy-2024-67-2-2-q29-37-or-b,set_variant,cross-source duplicate kept with canonical link
dupe-57,accountancy-2024-67-2-1-q29-36,accountancy-2024-67-2-2-q28-36,set_variant,cross-source duplicate kept with canonical link
dupe-57,accountancy-2024-67-2-1-q29-36,accountancy-2024-67-2-3-q27-35,set_variant,cross-source duplicate kept with canonical link
dupe-58,accountancy-2024-67-2-1-q30-30,accountancy-2024-67-2-3-q27-27,set_variant,cross-source duplicate kept with canonical link
dupe-59,accountancy-2024-67-2-1-q33-39,accountancy-2024-67-2-2-q33-39,set_variant,cross-source duplicate kept with canonical link
dupe-59,accountancy-2024-67-2-1-q33-39,accountancy-2024-67-2-3-q33-40,set_variant,cross-source duplicate kept with canonical link
dupe-60,accountancy-2024-67-2-1-q34-40,accountancy-2024-67-2-3-q34-41,set_variant,cross-source duplicate kept with canonical link
dupe-61,accountancy-2024-67-2-2-q3-3,accountancy-2024-67-2-3-q1-1,set_variant,cross-source duplicate kept with canonical link
dupe-62,accountancy-2024-67-2-2-q4-4,accountancy-2024-67-2-3-q10-10,set_variant,cross-source duplicate kept with canonical link
dupe-63,accountancy-2024-67-2-2-q9-9-or-b,accountancy-2024-67-2-3-q8-8-or-b,set_variant,cross-source duplicate kept with canonical link
dupe-64,accountancy-2024-67-2-2-q21-21,accountancy-2024-67-2-3-q22-22,set_variant,cross-source duplicate kept with canonical link
dupe-65,accountancy-2024-67-2-2-q27-35,accountancy-2024-67-2-3-q28-36,set_variant,cross-source duplicate kept with canonical link
dupe-66,accountancy-2024-67-2-2-q28-28,accountancy-2024-67-2-3-q30-30,set_variant,cross-source duplicate kept with canonical link
dupe-67,accountancy-2024-67-2-2-q33-39-or-b,accountancy-2024-67-2-3-q33-40-or-b,set_variant,cross-source duplicate kept with canonical link
dupe-68,accountancy-2024-67-2-2-q34-34,accountancy-2024-67-2-3-q34-34,set_variant,cross-source duplicate kept with canonical link
dupe-69,accountancy-2024-67-2-3-q32-39,accountancy-2025-26-sqp-q32-43,set_variant,cross-source duplicate kept with canonical link
dupe-70,accountancy-2024-67-3-1-q3-3,accountancy-2024-67-3-2-q12-12,set_variant,cross-source duplicate kept with canonical link
dupe-70,accountancy-2024-67-3-1-q3-3,accountancy-2024-67-3-3-q10-10,set_variant,cross-source duplicate kept with canonical link
dupe-71,accountancy-2024-67-3-1-q4-4,accountancy-2024-67-3-2-q14-14,set_variant,cross-source duplicate kept with canonical link
dupe-71,accountancy-2024-67-3-1-q4-4,accountancy-2024-67-3-3-q16-16,set_variant,cross-source duplicate kept with canonical link
dupe-72,accountancy-2024-67-3-1-q9-9,accountancy-2024-67-3-2-q1-1,set_variant,cross-source duplicate kept with canonical link
dupe-72,accountancy-2024-67-3-1-q9-9,accountancy-2024-67-3-3-q3-3,set_variant,cross-source duplicate kept with canonical link
dupe-73,accountancy-2024-67-3-1-q10-10,accountancy-2024-67-3-3-q1-1,set_variant,cross-source duplicate kept with canonical link
dupe-74,accountancy-2024-67-3-1-q11-11,accountancy-2024-67-3-2-q2-2,set_variant,cross-source duplicate kept with canonical link
dupe-74,accountancy-2024-67-3-1-q11-11,accountancy-2024-67-3-3-q4-4,set_variant,cross-source duplicate kept with canonical link
dupe-75,accountancy-2024-67-3-1-q12-12,accountancy-2024-67-3-2-q5-5,set_variant,cross-source duplicate kept with canonical link
dupe-75,accountancy-2024-67-3-1-q12-12,accountancy-2024-67-3-3-q2-2,set_variant,cross-source duplicate kept with canonical link
dupe-76,accountancy-2024-67-3-1-q13-13,accountancy-2024-67-3-2-q3-3,set_variant,cross-source duplicate kept with canonical link
dupe-77,accountancy-2024-67-3-1-q13-13-or-b,accountancy-2024-67-3-2-q3-3-or-b,set_variant,cross-source duplicate kept with canonical link
dupe-78,accountancy-2024-67-3-1-q14-14,accountancy-2024-67-3-2-q4-4,set_variant,cross-source duplicate kept with canonical link
dupe-78,accountancy-2024-67-3-1-q14-14,accountancy-2024-67-3-3-q5-5,set_variant,cross-source duplicate kept with canonical link
dupe-79,accountancy-2024-67-3-1-q19-19,accountancy-2024-67-3-2-q20-20,set_variant,cross-source duplicate kept with canonical link
dupe-79,accountancy-2024-67-3-1-q19-19,accountancy-2024-67-3-3-q19-19,set_variant,cross-source duplicate kept with canonical link
dupe-80,accountancy-2024-67-3-1-q26-26-or-b,accountancy-2024-67-3-3-q26-26-or-b,set_variant,cross-source duplicate kept with canonical link
dupe-81,accountancy-2024-67-3-1-q27-27,accountancy-2024-67-3-3-q29-29,set_variant,cross-source duplicate kept with canonical link
dupe-82,accountancy-2024-67-3-1-q27-35,accountancy-2024-67-3-3-q29-37,set_variant,cross-source duplicate kept with canonical link
dupe-83,accountancy-2024-67-3-1-q28-36,accountancy-2024-67-3-2-q29-37,set_variant,cross-source duplicate kept with canonical link
dupe-83,accountancy-2024-67-3-1-q28-36,accountancy-2024-67-3-3-q30-38,set_variant,cross-source duplicate kept with canonical link
dupe-84,accountancy-2024-67-3-1-q29-29-or-b,accountancy-2024-67-3-2-q28-28-or-b,set_variant,cross-source duplicate kept with canonical link
dupe-84,accountancy-2024-67-3-1-q29-29-or-b,accountancy-2024-67-3-3-q27-27-or-b,set_variant,cross-source duplicate kept with canonical link
dupe-85,accountancy-2024-67-3-1-q29-37,accountancy-2024-67-3-2-q28-36,set_variant,cross-source duplicate kept with canonical link
dupe-85,accountancy-2024-67-3-1-q29-37,accountancy-2024-67-3-3-q27-35,set_variant,cross-source duplicate kept with canonical link
dupe-86,accountancy-2024-67-3-1-q30-30,accountancy-2024-67-3-2-q27-27,set_variant,cross-source duplicate kept with canonical link
dupe-86,accountancy-2024-67-3-1-q30-30,accountancy-2024-67-3-3-q28-28,set_variant,cross-source duplicate kept with canonical link
dupe-87,accountancy-2024-67-3-1-q30-38,accountancy-2024-67-3-2-q27-35,set_variant,cross-source duplicate kept with canonical link
dupe-87,accountancy-2024-67-3-1-q30-38,accountancy-2024-67-3-3-q28-36,set_variant,cross-source duplicate kept with canonical link
dupe-88,accountancy-2024-67-3-2-q7-7,accountancy-2024-67-3-3-q7-7,set_variant,cross-source duplicate kept with canonical link
dupe-89,accountancy-2024-67-3-2-q8-8,accountancy-2024-67-3-3-q8-8,set_variant,cross-source duplicate kept with canonical link
dupe-90,accountancy-2024-67-3-2-q11-11-or-b,accountancy-2024-67-3-3-q9-9-or-b,set_variant,cross-source duplicate kept with canonical link
dupe-91,accountancy-2024-67-3-2-q13-13,accountancy-2024-67-3-3-q15-15,set_variant,cross-source duplicate kept with canonical link
dupe-92,accountancy-2024-67-3-2-q15-15,accountancy-2024-67-3-3-q14-14,set_variant,cross-source duplicate kept with canonical link
dupe-93,accountancy-2024-67-3-2-q21-21,accountancy-2024-67-3-3-q22-22,set_variant,cross-source duplicate kept with canonical link
dupe-94,accountancy-2024-67-3-2-q28-28,accountancy-2024-67-3-3-q27-27,set_variant,cross-source duplicate kept with canonical link
dupe-95,accountancy-2024-67-3-2-q33-33,accountancy-2024-67-3-3-q33-33,set_variant,cross-source duplicate kept with canonical link
dupe-96,accountancy-2024-67-3-2-q33-33-or-b,accountancy-2024-67-3-3-q33-33-or-b,set_variant,cross-source duplicate kept with canonical link
dupe-97,accountancy-2024-67-3-2-q34-34,accountancy-2024-67-3-3-q34-34,set_variant,cross-source duplicate kept with canonical link
dupe-98,accountancy-2025-67-4-1-q1-24,accountancy-2025-67-4-3-q1-27,set_variant,cross-source duplicate kept with canonical link
dupe-99,accountancy-2025-67-4-1-q4-4,accountancy-2025-67-4-2-q11-10,set_variant,cross-source duplicate kept with canonical link
dupe-99,accountancy-2025-67-4-1-q4-4,accountancy-2025-67-4-3-q7-6,set_variant,cross-source duplicate kept with canonical link
dupe-100,accountancy-2025-67-4-1-q5-5,accountancy-2025-67-4-2-q10-9,set_variant,cross-source duplicate kept with canonical link
dupe-100,accountancy-2025-67-4-1-q5-5,accountancy-2025-67-4-3-q6-5,set_variant,cross-source duplicate kept with canonical link
dupe-101,accountancy-2025-67-4-1-q6-6,accountancy-2025-67-4-2-q9-8,set_variant,cross-source duplicate kept with canonical link
dupe-101,accountancy-2025-67-4-1-q6-6,accountancy-2025-67-4-3-q10-9,set_variant,cross-source duplicate kept with canonical link
dupe-102,accountancy-2025-67-4-1-q7-7,accountancy-2025-67-4-2-q8-7,set_variant,cross-source duplicate kept with canonical link
dupe-102,accountancy-2025-67-4-1-q7-7,accountancy-2025-67-4-3-q5-4,set_variant,cross-source duplicate kept with canonical link
dupe-103,accountancy-2025-67-4-1-q10-9,accountancy-2025-67-4-3-q8-7,set_variant,cross-source duplicate kept with canonical link
dupe-104,accountancy-2025-67-4-1-q11-10,accountancy-2025-67-4-2-q3-3,set_variant,cross-source duplicate kept with canonical link
dupe-104,accountancy-2025-67-4-1-q11-10,accountancy-2025-67-4-3-q9-8,set_variant,cross-source duplicate kept with canonical link
dupe-105,accountancy-2025-67-4-1-q12-11,accountancy-2025-67-4-2-q14-13,set_variant,cross-source duplicate kept with canonical link
dupe-105,accountancy-2025-67-4-1-q12-11,accountancy-2025-67-4-3-q15-14,set_variant,cross-source duplicate kept with canonical link
dupe-106,accountancy-2025-67-4-1-q13-12,accountancy-2025-67-4-2-q15-14,set_variant,cross-source duplicate kept with canonical link
dupe-106,accountancy-2025-67-4-1-q13-12,accountancy-2025-67-4-3-q16-15,set_variant,cross-source duplicate kept with canonical link
dupe-107,accountancy-2025-67-4-1-q13-12-or-b,accountancy-2025-67-4-2-q15-14-or-b,set_variant,cross-source duplicate kept with canonical link
dupe-108,accountancy-2025-67-4-1-q14-13,accountancy-2025-67-4-2-q16-15,set_variant,cross-source duplicate kept with canonical link
dupe-108,accountancy-2025-67-4-1-q14-13,accountancy-2025-67-4-3-q12-11,set_variant,cross-source duplicate kept with canonical link
dupe-109,accountancy-2025-67-4-1-q15-14-or-b,accountancy-2025-67-4-2-q12-11-or-b,set_variant,cross-source duplicate kept with canonical link
dupe-109,accountancy-2025-67-4-1-q15-14-or-b,accountancy-2025-67-4-3-q13-12-or-b,set_variant,cross-source duplicate kept with canonical link
dupe-110,accountancy-2025-67-4-1-q16-15,accountancy-2025-67-4-2-q13-12,set_variant,cross-source duplicate kept with canonical link
dupe-110,accountancy-2025-67-4-1-q16-15,accountancy-2025-67-4-3-q14-13,set_variant,cross-source duplicate kept with canonical link
dupe-111,accountancy-2025-67-4-1-q19-18,accountancy-2025-67-4-3-q19-18,set_variant,cross-source duplicate kept with canonical link
dupe-112,accountancy-2025-67-4-1-q24-23,accountancy-2025-67-4-3-q25-26,set_variant,cross-source duplicate kept with canonical link
dupe-113,accountancy-2025-67-4-1-q25-25,accountancy-2025-67-4-2-q24-24,set_variant,cross-source duplicate kept with canonical link
dupe-113,accountancy-2025-67-4-1-q25-25,accountancy-2025-67-4-3-q26-28,set_variant,cross-source duplicate kept with canonical link
dupe-114,accountancy-2025-67-4-1-q25-26,accountancy-2025-67-4-2-q24-25,set_variant,cross-source duplicate kept with canonical link
dupe-115,accountancy-2025-67-4-1-q25-26-or-b,accountancy-2025-67-4-2-q24-25-or-b,set_variant,cross-source duplicate kept with canonical link
dupe-116,accountancy-2025-67-4-1-q26-27,accountancy-2025-67-4-2-q25-26,set_variant,cross-source duplicate kept with canonical link
dupe-116,accountancy-2025-67-4-1-q26-27,accountancy-2025-67-4-3-q24-24,set_variant,cross-source duplicate kept with canonical link
dupe-117,accountancy-2025-67-4-1-q26-28,accountancy-2025-67-4-2-q25-27,set_variant,cross-source duplicate kept with canonical link
dupe-118,accountancy-2025-67-4-1-q27-30,accountancy-2025-67-4-2-q30-34,set_variant,cross-source duplicate kept with canonical link
dupe-118,accountancy-2025-67-4-1-q27-30,accountancy-2025-67-4-3-q29-32,set_variant,cross-source duplicate kept with canonical link
dupe-119,accountancy-2025-67-4-1-q27-37,accountancy-2025-67-4-2-q30-41,set_variant,cross-source duplicate kept with canonical link
dupe-119,accountancy-2025-67-4-1-q27-37,accountancy-2025-67-4-3-q28-38,set_variant,cross-source duplicate kept with canonical link
dupe-120,accountancy-2025-67-4-1-q28-31,accountancy-2025-67-4-2-q29-33,set_variant,cross-source duplicate kept with canonical link
dupe-120,accountancy-2025-67-4-1-q28-31,accountancy-2025-67-4-3-q30-33,set_variant,cross-source duplicate kept with canonical link
dupe-121,accountancy-2025-67-4-1-q28-38,accountancy-2025-67-4-2-q29-40,set_variant,cross-source duplicate kept with canonical link
dupe-121,accountancy-2025-67-4-1-q28-38,accountancy-2025-67-4-3-q27-37,set_variant,cross-source duplicate kept with canonical link
dupe-122,accountancy-2025-67-4-1-q29-32,accountancy-2025-67-4-2-q28-32,set_variant,cross-source duplicate kept with canonical link
dupe-122,accountancy-2025-67-4-1-q29-32,accountancy-2025-67-4-3-q27-30,set_variant,cross-source duplicate kept with canonical link
dupe-123,accountancy-2025-67-4-1-q29-32-or-b,accountancy-2025-67-4-2-q28-32-or-b,set_variant,cross-source duplicate kept with canonical link
dupe-124,accountancy-2025-67-4-1-q29-39,accountancy-2025-67-4-2-q28-39,set_variant,cross-source duplicate kept with canonical link
dupe-124,accountancy-2025-67-4-1-q29-39,accountancy-2025-67-4-3-q30-40,set_variant,cross-source duplicate kept with canonical link
dupe-125,accountancy-2025-67-4-1-q30-33,accountancy-2025-67-4-2-q27-31,set_variant,cross-source duplicate kept with canonical link
dupe-125,accountancy-2025-67-4-1-q30-33,accountancy-2025-67-4-3-q28-31,set_variant,cross-source duplicate kept with canonical link
dupe-126,accountancy-2025-67-4-1-q30-40,accountancy-2025-67-4-2-q27-38,set_variant,cross-source duplicate kept with canonical link
dupe-126,accountancy-2025-67-4-1-q30-40,accountancy-2025-67-4-3-q29-39,set_variant,cross-source duplicate kept with canonical link
dupe-127,accountancy-2025-67-4-1-q31-41,accountancy-2025-67-4-2-q32-43,set_variant,cross-source duplicate kept with canonical link
dupe-127,accountancy-2025-67-4-1-q31-41,accountancy-2025-67-4-3-q31-41,set_variant,cross-source duplicate kept with canonical link
dupe-128,accountancy-2025-67-4-1-q32-42,accountancy-2025-67-4-2-q31-42,set_variant,cross-source duplicate kept with canonical link
dupe-128,accountancy-2025-67-4-1-q32-42,accountancy-2025-67-4-3-q32-42,set_variant,cross-source duplicate kept with canonical link
dupe-129,accountancy-2025-67-4-1-q33-36,accountancy-2025-67-4-2-q33-37,set_variant,cross-source duplicate kept with canonical link
dupe-129,accountancy-2025-67-4-1-q33-36,accountancy-2025-67-4-3-q33-36,set_variant,cross-source duplicate kept with canonical link
dupe-130,accountancy-2025-67-4-1-q33-36-or-b,accountancy-2025-67-4-2-q33-37-or-b,set_variant,cross-source duplicate kept with canonical link
dupe-130,accountancy-2025-67-4-1-q33-36-or-b,accountancy-2025-67-4-3-q33-36-or-b,set_variant,cross-source duplicate kept with canonical link
dupe-131,accountancy-2025-67-4-1-q33-43,accountancy-2025-67-4-3-q33-43,set_variant,cross-source duplicate kept with canonical link
dupe-132,accountancy-2025-67-4-1-q33-43-or-b,accountancy-2025-67-4-3-q33-43-or-b,set_variant,cross-source duplicate kept with canonical link
dupe-133,accountancy-2025-67-4-2-q12-11,accountancy-2025-67-4-3-q13-12,set_variant,cross-source duplicate kept with canonical link
dupe-134,accountancy-2025-67-4-2-q13-12-or-b,accountancy-2025-67-4-3-q14-13-or-b,set_variant,cross-source duplicate kept with canonical link
dupe-135,accountancy-2025-67-4-2-q19-18,accountancy-2025-67-4-3-q20-19,set_variant,cross-source duplicate kept with canonical link
dupe-136,accountancy-2025-67-4-2-q22-21,accountancy-2025-67-4-3-q22-21,set_variant,cross-source duplicate kept with canonical link
dupe-137,accountancy-2025-67-4-2-q27-31-or-b,accountancy-2025-67-4-3-q28-31-or-b,set_variant,cross-source duplicate kept with canonical link
dupe-138,accountancy-2025-67-5-1-q1-1,accountancy-2025-67-5-2-q15-15,set_variant,cross-source duplicate kept with canonical link
dupe-138,accountancy-2025-67-5-1-q1-1,accountancy-2025-67-5-3-q7-7,set_variant,cross-source duplicate kept with canonical link
dupe-138,accountancy-2025-67-5-1-q1-1,accountancy-2025-67-6-2-q15-16,set_variant,cross-source duplicate kept with canonical link
dupe-138,accountancy-2025-67-5-1-q1-1,accountancy-2025-67-6-3-q16-16,set_variant,cross-source duplicate kept with canonical link
dupe-139,accountancy-2025-67-5-1-q2-2,accountancy-2025-67-5-2-q14-14,set_variant,cross-source duplicate kept with canonical link
dupe-139,accountancy-2025-67-5-1-q2-2,accountancy-2025-67-5-3-q8-8,set_variant,cross-source duplicate kept with canonical link
dupe-140,accountancy-2025-67-5-1-q4-4,accountancy-2025-67-5-2-q12-12,set_variant,cross-source duplicate kept with canonical link
dupe-140,accountancy-2025-67-5-1-q4-4,accountancy-2025-67-5-3-q10-10,set_variant,cross-source duplicate kept with canonical link
dupe-141,accountancy-2025-67-5-1-q6-6,accountancy-2025-67-5-2-q10-10,set_variant,cross-source duplicate kept with canonical link
dupe-141,accountancy-2025-67-5-1-q6-6,accountancy-2025-67-5-3-q12-12,set_variant,cross-source duplicate kept with canonical link
dupe-142,accountancy-2025-67-5-1-q6-6-or-b,accountancy-2025-67-5-3-q12-12-or-b,set_variant,cross-source duplicate kept with canonical link
dupe-143,accountancy-2025-67-5-1-q7-7,accountancy-2025-67-5-2-q9-9,set_variant,cross-source duplicate kept with canonical link
dupe-143,accountancy-2025-67-5-1-q7-7,accountancy-2025-67-5-3-q13-13,set_variant,cross-source duplicate kept with canonical link
dupe-144,accountancy-2025-67-5-1-q8-8,accountancy-2025-67-5-2-q8-8,set_variant,cross-source duplicate kept with canonical link
dupe-145,accountancy-2025-67-5-1-q9-9,accountancy-2025-67-5-3-q15-15,set_variant,cross-source duplicate kept with canonical link
dupe-146,accountancy-2025-67-5-1-q10-10,accountancy-2025-67-5-2-q6-6,set_variant,cross-source duplicate kept with canonical link
dupe-146,accountancy-2025-67-5-1-q10-10,accountancy-2025-67-5-3-q1-1,set_variant,cross-source duplicate kept with canonical link
dupe-147,accountancy-2025-67-5-1-q11-11,accountancy-2025-67-5-3-q2-2,set_variant,cross-source duplicate kept with canonical link
dupe-148,accountancy-2025-67-5-1-q12-12,accountancy-2025-67-5-2-q4-4,set_variant,cross-source duplicate kept with canonical link
dupe-148,accountancy-2025-67-5-1-q12-12,accountancy-2025-67-5-3-q3-3,set_variant,cross-source duplicate kept with canonical link
dupe-149,accountancy-2025-67-5-1-q12-12-or-b,accountancy-2025-67-5-3-q3-3-or-b,set_variant,cross-source duplicate kept with canonical link
dupe-150,accountancy-2025-67-5-1-q13-13,accountancy-2025-67-5-2-q3-3,set_variant,cross-source duplicate kept with canonical link
dupe-150,accountancy-2025-67-5-1-q13-13,accountancy-2025-67-5-3-q4-4,set_variant,cross-source duplicate kept with canonical link
dupe-151,accountancy-2025-67-5-1-q14-14,accountancy-2025-67-5-2-q2-2,set_variant,cross-source duplicate kept with canonical link
dupe-151,accountancy-2025-67-5-1-q14-14,accountancy-2025-67-5-3-q5-5,set_variant,cross-source duplicate kept with canonical link
dupe-152,accountancy-2025-67-5-1-q15-15,accountancy-2025-67-5-2-q1-1,set_variant,cross-source duplicate kept with canonical link
dupe-152,accountancy-2025-67-5-1-q15-15,accountancy-2025-67-5-3-q6-6,set_variant,cross-source duplicate kept with canonical link
dupe-153,accountancy-2025-67-5-1-q18-18,accountancy-2025-67-5-2-q19-19,set_variant,cross-source duplicate kept with canonical link
dupe-153,accountancy-2025-67-5-1-q18-18,accountancy-2025-67-5-3-q18-18,set_variant,cross-source duplicate kept with canonical link
dupe-154,accountancy-2025-67-5-1-q18-18-or-b,accountancy-2025-67-5-2-q19-19-or-b,set_variant,cross-source duplicate kept with canonical link
dupe-154,accountancy-2025-67-5-1-q18-18-or-b,accountancy-2025-67-5-3-q18-18-or-b,set_variant,cross-source duplicate kept with canonical link
dupe-155,accountancy-2025-67-5-1-q19-19,accountancy-2025-67-5-2-q18-18,set_variant,cross-source duplicate kept with canonical link
dupe-155,accountancy-2025-67-5-1-q19-19,accountancy-2025-67-5-3-q19-19,set_variant,cross-source duplicate kept with canonical link
dupe-156,accountancy-2025-67-5-1-q19-19-or-b,accountancy-2025-67-5-2-q18-18-or-b,set_variant,cross-source duplicate kept with canonical link
dupe-156,accountancy-2025-67-5-1-q19-19-or-b,accountancy-2025-67-5-3-q19-19-or-b,set_variant,cross-source duplicate kept with canonical link
dupe-157,accountancy-2025-67-5-1-q20-20,accountancy-2025-67-5-2-q20-20,set_variant,cross-source duplicate kept with canonical link
dupe-157,accountancy-2025-67-5-1-q20-20,accountancy-2025-67-5-3-q20-20,set_variant,cross-source duplicate kept with canonical link
dupe-158,accountancy-2025-67-5-1-q23-23,accountancy-2025-67-5-3-q23-23,set_variant,cross-source duplicate kept with canonical link
dupe-159,accountancy-2025-67-5-1-q23-23-or-b,accountancy-2025-67-5-3-q23-23-or-b,set_variant,cross-source duplicate kept with canonical link
dupe-160,accountancy-2025-67-5-1-q24-24,accountancy-2025-67-5-3-q24-24,set_variant,cross-source duplicate kept with canonical link
dupe-161,accountancy-2025-67-5-1-q26-29,accountancy-2025-67-5-2-q26-30,set_variant,cross-source duplicate kept with canonical link
dupe-161,accountancy-2025-67-5-1-q26-29,accountancy-2025-67-5-3-q26-29,set_variant,cross-source duplicate kept with canonical link
dupe-162,accountancy-2025-67-5-1-q27-30,accountancy-2025-67-5-2-q30-34,set_variant,cross-source duplicate kept with canonical link
dupe-162,accountancy-2025-67-5-1-q27-30,accountancy-2025-67-5-3-q29-32,set_variant,cross-source duplicate kept with canonical link
dupe-163,accountancy-2025-67-5-1-q27-42,accountancy-2025-67-5-2-q30-42,set_variant,cross-source duplicate kept with canonical link
dupe-163,accountancy-2025-67-5-1-q27-42,accountancy-2025-67-5-3-q29-40,set_variant,cross-source duplicate kept with canonical link
dupe-164,accountancy-2025-67-5-1-q28-31,accountancy-2025-67-5-2-q29-33,set_variant,cross-source duplicate kept with canonical link
dupe-165,accountancy-2025-67-5-1-q28-43,accountancy-2025-67-5-2-q29-41,set_variant,cross-source duplicate kept with canonical link
dupe-165,accountancy-2025-67-5-1-q28-43,accountancy-2025-67-5-3-q30-41,set_variant,cross-source duplicate kept with canonical link
dupe-166,accountancy-2025-67-5-1-q29-32,accountancy-2025-67-5-2-q28-32,set_variant,cross-source duplicate kept with canonical link
dupe-166,accountancy-2025-67-5-1-q29-32,accountancy-2025-67-5-3-q28-31,set_variant,cross-source duplicate kept with canonical link
dupe-167,accountancy-2025-67-5-1-q29-44,accountancy-2025-67-5-2-q28-40,set_variant,cross-source duplicate kept with canonical link
dupe-167,accountancy-2025-67-5-1-q29-44,accountancy-2025-67-5-3-q27-38,set_variant,cross-source duplicate kept with canonical link
dupe-168,accountancy-2025-67-5-1-q30-33,accountancy-2025-67-5-2-q27-31,set_variant,cross-source duplicate kept with canonical link
dupe-168,accountancy-2025-67-5-1-q30-33,accountancy-2025-67-5-3-q30-33,set_variant,cross-source duplicate kept with canonical link
dupe-169,accountancy-2025-67-5-1-q30-45,accountancy-2025-67-5-2-q27-39,set_variant,cross-source duplicate kept with canonical link
dupe-169,accountancy-2025-67-5-1-q30-45,accountancy-2025-67-5-3-q28-39,set_variant,cross-source duplicate kept with canonical link
dupe-170,accountancy-2025-67-5-1-q31-46,accountancy-2025-67-5-2-q32-44,set_variant,cross-source duplicate kept with canonical link
dupe-170,accountancy-2025-67-5-1-q31-46,accountancy-2025-67-5-3-q31-42,set_variant,cross-source duplicate kept with canonical link
dupe-171,accountancy-2025-67-5-1-q32-47,accountancy-2025-67-5-2-q31-43,set_variant,cross-source duplicate kept with canonical link
dupe-171,accountancy-2025-67-5-1-q32-47,accountancy-2025-67-5-3-q32-43,set_variant,cross-source duplicate kept with canonical link
dupe-172,accountancy-2025-67-5-1-q33-48,accountancy-2025-67-5-2-q33-45,set_variant,cross-source duplicate kept with canonical link
dupe-172,accountancy-2025-67-5-1-q33-48,accountancy-2025-67-5-3-q33-44,set_variant,cross-source duplicate kept with canonical link
dupe-173,accountancy-2025-67-5-1-q33-48-or-b,accountancy-2025-67-5-2-q33-45-or-b,set_variant,cross-source duplicate kept with canonical link
dupe-173,accountancy-2025-67-5-1-q33-48-or-b,accountancy-2025-67-5-3-q33-44-or-b,set_variant,cross-source duplicate kept with canonical link
dupe-174,accountancy-2025-67-5-2-q11-11,accountancy-2025-67-5-3-q11-11,set_variant,cross-source duplicate kept with canonical link
dupe-175,accountancy-2025-67-5-2-q13-13,accountancy-2025-67-5-3-q9-9,set_variant,cross-source duplicate kept with canonical link
dupe-176,accountancy-2025-67-5-2-q30-34-or-b,accountancy-2025-67-5-3-q29-32-or-b,set_variant,cross-source duplicate kept with canonical link
dupe-177,accountancy-2025-67-6-1-q1-39,accountancy-2025-67-6-2-q1-39,set_variant,cross-source duplicate kept with canonical link
dupe-177,accountancy-2025-67-6-1-q1-39,accountancy-2025-67-6-3-q1-38,set_variant,cross-source duplicate kept with canonical link
dupe-178,accountancy-2025-67-6-1-q2-40,accountancy-2025-67-6-3-q2-39,set_variant,cross-source duplicate kept with canonical link
dupe-179,accountancy-2025-67-6-1-q3-38,accountancy-2025-67-6-2-q3-38,set_variant,cross-source duplicate kept with canonical link
dupe-179,accountancy-2025-67-6-1-q3-38,accountancy-2025-67-6-3-q3-37,set_variant,cross-source duplicate kept with canonical link
dupe-180,accountancy-2025-67-6-1-q4-4,accountancy-2025-67-6-2-q14-15,set_variant,cross-source duplicate kept with canonical link
dupe-180,accountancy-2025-67-6-1-q4-4,accountancy-2025-67-6-3-q8-8,set_variant,cross-source duplicate kept with canonical link
dupe-181,accountancy-2025-67-6-1-q5-5,accountancy-2025-67-6-2-q13-13,set_variant,cross-source duplicate kept with canonical link
dupe-182,accountancy-2025-67-6-1-q5-6,accountancy-2025-67-6-2-q13-14,set_variant,cross-source duplicate kept with canonical link
dupe-182,accountancy-2025-67-6-1-q5-6,accountancy-2025-67-6-3-q15-15,set_variant,cross-source duplicate kept with canonical link
dupe-183,accountancy-2025-67-6-1-q6-7,accountancy-2025-67-6-2-q12-12,set_variant,cross-source duplicate kept with canonical link
dupe-184,accountancy-2025-67-6-1-q7-8,accountancy-2025-67-6-2-q11-11,set_variant,cross-source duplicate kept with canonical link
dupe-184,accountancy-2025-67-6-1-q7-8,accountancy-2025-67-6-3-q14-14,set_variant,cross-source duplicate kept with canonical link
dupe-185,accountancy-2025-67-6-1-q9-10,accountancy-2025-67-6-2-q9-9,set_variant,cross-source duplicate kept with canonical link
dupe-185,accountancy-2025-67-6-1-q9-10,accountancy-2025-67-6-3-q13-13,set_variant,cross-source duplicate kept with canonical link
dupe-186,accountancy-2025-67-6-1-q10-11,accountancy-2025-67-6-2-q8-8,set_variant,cross-source duplicate kept with canonical link
dupe-186,accountancy-2025-67-6-1-q10-11,accountancy-2025-67-6-3-q5-5,set_variant,cross-source duplicate kept with canonical link
dupe-187,accountancy-2025-67-6-1-q12-13,accountancy-2025-67-6-2-q6-6,set_variant,cross-source duplicate kept with canonical link
dupe-187,accountancy-2025-67-6-1-q12-13,accountancy-2025-67-6-3-q4-4,set_variant,cross-source duplicate kept with canonical link
dupe-188,accountancy-2025-67-6-1-q13-14,accountancy-2025-67-6-2-q5-5,set_variant,cross-source duplicate kept with canonical link
dupe-189,accountancy-2025-67-6-1-q16-17,accountancy-2025-67-6-2-q2-2,set_variant,cross-source duplicate kept with canonical link
dupe-189,accountancy-2025-67-6-1-q16-17,accountancy-2025-67-6-3-q2-2,set_variant,cross-source duplicate kept with canonical link
dupe-190,accountancy-2025-67-6-1-q18-19,accountancy-2025-67-6-2-q19-20,set_variant,cross-source duplicate kept with canonical link
dupe-190,accountancy-2025-67-6-1-q18-19,accountancy-2025-67-6-3-q19-19,set_variant,cross-source duplicate kept with canonical link
dupe-191,accountancy-2025-67-6-1-q18-19-or-b,accountancy-2025-67-6-2-q19-20-or-b,set_variant,cross-source duplicate kept with canonical link
dupe-191,accountancy-2025-67-6-1-q18-19-or-b,accountancy-2025-67-6-3-q19-19-or-b,set_variant,cross-source duplicate kept with canonical link
dupe-192,accountancy-2025-67-6-1-q19-20,accountancy-2025-67-6-2-q20-21,set_variant,cross-source duplicate kept with canonical link
dupe-192,accountancy-2025-67-6-1-q19-20,accountancy-2025-67-6-3-q20-20,set_variant,cross-source duplicate kept with canonical link
dupe-193,accountancy-2025-67-6-1-q19-20-or-b,accountancy-2025-67-6-2-q20-21-or-b,set_variant,cross-source duplicate kept with canonical link
dupe-193,accountancy-2025-67-6-1-q19-20-or-b,accountancy-2025-67-6-3-q20-20-or-b,set_variant,cross-source duplicate kept with canonical link
dupe-194,accountancy-2025-67-6-1-q20-21,accountancy-2025-67-6-2-q18-19,set_variant,cross-source duplicate kept with canonical link
dupe-194,accountancy-2025-67-6-1-q20-21,accountancy-2025-67-6-3-q18-18,set_variant,cross-source duplicate kept with canonical link
dupe-195,accountancy-2025-67-6-1-q23-24,accountancy-2025-67-6-2-q24-26,set_variant,cross-source duplicate kept with canonical link
dupe-196,accountancy-2025-67-6-1-q23-24-or-b,accountancy-2025-67-6-2-q24-26-or-b,set_variant,cross-source duplicate kept with canonical link
dupe-197,accountancy-2025-67-6-1-q27-42,accountancy-2025-67-6-2-q30-44,set_variant,cross-source duplicate kept with canonical link
dupe-197,accountancy-2025-67-6-1-q27-42,accountancy-2025-67-6-3-q29-43,set_variant,cross-source duplicate kept with canonical link
dupe-198,accountancy-2025-67-6-1-q28-43,accountancy-2025-67-6-2-q29-43,set_variant,cross-source duplicate kept with canonical link
dupe-198,accountancy-2025-67-6-1-q28-43,accountancy-2025-67-6-3-q30-44,set_variant,cross-source duplicate kept with canonical link
dupe-199,accountancy-2025-67-6-1-q29-32,accountancy-2025-67-6-3-q30-32,set_variant,cross-source duplicate kept with canonical link
dupe-200,accountancy-2025-67-6-1-q29-44,accountancy-2025-67-6-2-q28-42,set_variant,cross-source duplicate kept with canonical link
dupe-200,accountancy-2025-67-6-1-q29-44,accountancy-2025-67-6-3-q27-41,set_variant,cross-source duplicate kept with canonical link
dupe-201,accountancy-2025-67-6-1-q30-33,accountancy-2025-67-6-2-q27-31,set_variant,cross-source duplicate kept with canonical link
dupe-201,accountancy-2025-67-6-1-q30-33,accountancy-2025-67-6-3-q28-30,set_variant,cross-source duplicate kept with canonical link
dupe-202,accountancy-2025-67-6-1-q30-45,accountancy-2025-67-6-2-q27-41,set_variant,cross-source duplicate kept with canonical link
dupe-202,accountancy-2025-67-6-1-q30-45,accountancy-2025-67-6-3-q28-42,set_variant,cross-source duplicate kept with canonical link
dupe-203,accountancy-2025-67-6-1-q32-46,accountancy-2025-67-6-2-q31-45,set_variant,cross-source duplicate kept with canonical link
dupe-203,accountancy-2025-67-6-1-q32-46,accountancy-2025-67-6-3-q32-45,set_variant,cross-source duplicate kept with canonical link
dupe-204,accountancy-2025-67-6-1-q33-36,accountancy-2025-67-6-2-q33-36,set_variant,cross-source duplicate kept with canonical link
dupe-204,accountancy-2025-67-6-1-q33-36,accountancy-2025-67-6-3-q33-35,set_variant,cross-source duplicate kept with canonical link
dupe-205,accountancy-2025-67-6-1-q33-36-or-b,accountancy-2025-67-6-2-q33-36-or-b,set_variant,cross-source duplicate kept with canonical link
dupe-205,accountancy-2025-67-6-1-q33-36-or-b,accountancy-2025-67-6-3-q33-35-or-b,set_variant,cross-source duplicate kept with canonical link
dupe-206,accountancy-2025-67-6-1-q33-47,accountancy-2025-67-6-2-q33-46,set_variant,cross-source duplicate kept with canonical link
dupe-206,accountancy-2025-67-6-1-q33-47,accountancy-2025-67-6-3-q33-46,set_variant,cross-source duplicate kept with canonical link
dupe-207,accountancy-2025-67-6-1-q33-47-or-b,accountancy-2025-67-6-2-q33-46-or-b,set_variant,cross-source duplicate kept with canonical link
dupe-207,accountancy-2025-67-6-1-q33-47-or-b,accountancy-2025-67-6-3-q33-46-or-b,set_variant,cross-source duplicate kept with canonical link
dupe-208,accountancy-2025-67-6-2-q3-3,accountancy-2025-67-6-3-q10-10,set_variant,cross-source duplicate kept with canonical link
dupe-209,accountancy-2025-67-6-2-q4-4,accountancy-2025-67-6-3-q3-3,set_variant,cross-source duplicate kept with canonical link
dupe-210,accountancy-2025-67-6-2-q10-10,accountancy-2025-67-6-3-q6-6,set_variant,cross-source duplicate kept with canonical link
dupe-211,accountancy-2025-67-6-2-q30-33,accountancy-2025-67-6-3-q29-31,set_variant,cross-source duplicate kept with canonical link
dupe-212,accountancy-2025-67-6-2-q30-33-or-b,accountancy-2025-67-6-3-q29-31-or-b,set_variant,cross-source duplicate kept with canonical link
dupe-213,accountancy-2025-67-7-1-q1-1,accountancy-2025-67-7-2-q12-12,set_variant,cross-source duplicate kept with canonical link
dupe-213,accountancy-2025-67-7-1-q1-1,accountancy-2025-67-7-3-q14-14,set_variant,cross-source duplicate kept with canonical link
dupe-214,accountancy-2025-67-7-1-q2-2,accountancy-2025-67-7-2-q11-11,set_variant,cross-source duplicate kept with canonical link
dupe-214,accountancy-2025-67-7-1-q2-2,accountancy-2025-67-7-3-q15-15,set_variant,cross-source duplicate kept with canonical link
dupe-215,accountancy-2025-67-7-1-q3-3,accountancy-2025-67-7-2-q10-10,set_variant,cross-source duplicate kept with canonical link
dupe-215,accountancy-2025-67-7-1-q3-3,accountancy-2025-67-7-3-q16-16,set_variant,cross-source duplicate kept with canonical link
dupe-216,accountancy-2025-67-7-1-q4-4,accountancy-2025-67-7-2-q14-14,set_variant,cross-source duplicate kept with canonical link
dupe-216,accountancy-2025-67-7-1-q4-4,accountancy-2025-67-7-3-q10-10,set_variant,cross-source duplicate kept with canonical link
dupe-217,accountancy-2025-67-7-1-q5-5,accountancy-2025-67-7-2-q15-15,set_variant,cross-source duplicate kept with canonical link
dupe-217,accountancy-2025-67-7-1-q5-5,accountancy-2025-67-7-3-q11-11,set_variant,cross-source duplicate kept with canonical link
dupe-218,accountancy-2025-67-7-1-q6-6,accountancy-2025-67-7-2-q16-16,set_variant,cross-source duplicate kept with canonical link
dupe-218,accountancy-2025-67-7-1-q6-6,accountancy-2025-67-7-3-q12-12,set_variant,cross-source duplicate kept with canonical link
dupe-219,accountancy-2025-67-7-1-q7-7,accountancy-2025-67-7-2-q1-1,set_variant,cross-source duplicate kept with canonical link
dupe-219,accountancy-2025-67-7-1-q7-7,accountancy-2025-67-7-3-q8-8,set_variant,cross-source duplicate kept with canonical link
dupe-220,accountancy-2025-67-7-1-q8-8,accountancy-2025-67-7-2-q2-2,set_variant,cross-source duplicate kept with canonical link
dupe-220,accountancy-2025-67-7-1-q8-8,accountancy-2025-67-7-3-q7-7,set_variant,cross-source duplicate kept with canonical link
dupe-221,accountancy-2025-67-7-1-q10-10,accountancy-2025-67-7-2-q3-3,set_variant,cross-source duplicate kept with canonical link
dupe-221,accountancy-2025-67-7-1-q10-10,accountancy-2025-67-7-3-q6-6,set_variant,cross-source duplicate kept with canonical link
dupe-222,accountancy-2025-67-7-1-q11-11,accountancy-2025-67-7-2-q4-4,set_variant,cross-source duplicate kept with canonical link
dupe-222,accountancy-2025-67-7-1-q11-11,accountancy-2025-67-7-3-q5-5,set_variant,cross-source duplicate kept with canonical link
dupe-223,accountancy-2025-67-7-1-q12-12,accountancy-2025-67-7-2-q5-5,set_variant,cross-source duplicate kept with canonical link
dupe-223,accountancy-2025-67-7-1-q12-12,accountancy-2025-67-7-3-q4-4,set_variant,cross-source duplicate kept with canonical link
dupe-224,accountancy-2025-67-7-1-q14-14,accountancy-2025-67-7-2-q6-6,set_variant,cross-source duplicate kept with canonical link
dupe-225,accountancy-2025-67-7-1-q15-15,accountancy-2025-67-7-2-q7-7,set_variant,cross-source duplicate kept with canonical link
dupe-225,accountancy-2025-67-7-1-q15-15,accountancy-2025-67-7-3-q2-2,set_variant,cross-source duplicate kept with canonical link
dupe-226,accountancy-2025-67-7-1-q16-16,accountancy-2025-67-7-2-q8-8,set_variant,cross-source duplicate kept with canonical link
dupe-226,accountancy-2025-67-7-1-q16-16,accountancy-2025-67-7-3-q1-1,set_variant,cross-source duplicate kept with canonical link
dupe-227,accountancy-2025-67-7-1-q18-18,accountancy-2025-67-7-2-q19-19,set_variant,cross-source duplicate kept with canonical link
dupe-227,accountancy-2025-67-7-1-q18-18,accountancy-2025-67-7-3-q18-18,set_variant,cross-source duplicate kept with canonical link
dupe-228,accountancy-2025-67-7-1-q18-18-or-b,accountancy-2025-67-7-3-q18-18-or-b,set_variant,cross-source duplicate kept with canonical link
dupe-229,accountancy-2025-67-7-1-q19-19,accountancy-2025-67-7-2-q18-18,set_variant,cross-source duplicate kept with canonical link
dupe-229,accountancy-2025-67-7-1-q19-19,accountancy-2025-67-7-3-q19-19,set_variant,cross-source duplicate kept with canonical link
dupe-230,accountancy-2025-67-7-1-q22-22,accountancy-2025-67-7-2-q22-22,set_variant,cross-source duplicate kept with canonical link
dupe-230,accountancy-2025-67-7-1-q22-22,accountancy-2025-67-7-3-q22-22,set_variant,cross-source duplicate kept with canonical link
dupe-231,accountancy-2025-67-7-1-q27-30,accountancy-2025-67-7-2-q29-32,set_variant,cross-source duplicate kept with canonical link
dupe-231,accountancy-2025-67-7-1-q27-30,accountancy-2025-67-7-3-q28-32,set_variant,cross-source duplicate kept with canonical link
dupe-232,accountancy-2025-67-7-1-q27-39,accountancy-2025-67-7-2-q30-46,set_variant,cross-source duplicate kept with canonical link
dupe-232,accountancy-2025-67-7-1-q27-39,accountancy-2025-67-7-3-q29-46,set_variant,cross-source duplicate kept with canonical link
dupe-233,accountancy-2025-67-7-1-q28-31,accountancy-2025-67-7-2-q27-30,set_variant,cross-source duplicate kept with canonical link
dupe-234,accountancy-2025-67-7-1-q28-41,accountancy-2025-67-7-2-q29-45,set_variant,cross-source duplicate kept with canonical link
dupe-234,accountancy-2025-67-7-1-q28-41,accountancy-2025-67-7-3-q30-47,set_variant,cross-source duplicate kept with canonical link
dupe-235,accountancy-2025-67-7-1-q29-32,accountancy-2025-67-7-2-q28-31,set_variant,cross-source duplicate kept with canonical link
dupe-235,accountancy-2025-67-7-1-q29-32,accountancy-2025-67-7-3-q27-31,set_variant,cross-source duplicate kept with canonical link
dupe-236,accountancy-2025-67-7-1-q29-42,accountancy-2025-67-7-2-q28-44,set_variant,cross-source duplicate kept with canonical link
dupe-236,accountancy-2025-67-7-1-q29-42,accountancy-2025-67-7-3-q27-44,set_variant,cross-source duplicate kept with canonical link
dupe-237,accountancy-2025-67-7-1-q30-33,accountancy-2025-67-7-2-q30-33,set_variant,cross-source duplicate kept with canonical link
dupe-237,accountancy-2025-67-7-1-q30-33,accountancy-2025-67-7-3-q30-34,set_variant,cross-source duplicate kept with canonical link
dupe-238,accountancy-2025-67-7-1-q30-43,accountancy-2025-67-7-2-q27-43,set_variant,cross-source duplicate kept with canonical link
dupe-238,accountancy-2025-67-7-1-q30-43,accountancy-2025-67-7-3-q28-45,set_variant,cross-source duplicate kept with canonical link
dupe-239,accountancy-2025-67-7-1-q31-44,accountancy-2025-67-7-2-q32-48,set_variant,cross-source duplicate kept with canonical link
dupe-239,accountancy-2025-67-7-1-q31-44,accountancy-2025-67-7-3-q31-48,set_variant,cross-source duplicate kept with canonical link
dupe-240,accountancy-2025-67-7-1-q32-45,accountancy-2025-67-7-2-q31-47,set_variant,cross-source duplicate kept with canonical link
dupe-240,accountancy-2025-67-7-1-q32-45,accountancy-2025-67-7-3-q32-49,set_variant,cross-source duplicate kept with canonical link
dupe-241,accountancy-2025-67-7-1-q33-36,accountancy-2025-67-7-2-q33-40,set_variant,cross-source duplicate kept with canonical link
dupe-241,accountancy-2025-67-7-1-q33-36,accountancy-2025-67-7-3-q33-41,set_variant,cross-source duplicate kept with canonical link
dupe-242,accountancy-2025-67-7-1-q33-36-or-b,accountancy-2025-67-7-2-q33-40-or-b,set_variant,cross-source duplicate kept with canonical link
dupe-242,accountancy-2025-67-7-1-q33-36-or-b,accountancy-2025-67-7-3-q33-41-or-b,set_variant,cross-source duplicate kept with canonical link
dupe-243,accountancy-2025-67-7-1-q33-46,accountancy-2025-67-7-3-q33-50,set_variant,cross-source duplicate kept with canonical link
dupe-244,accountancy-2025-67-7-2-q3-3-or-b,accountancy-2025-67-7-3-q6-6-or-b,set_variant,cross-source duplicate kept with canonical link
dupe-245,accountancy-2025-67-7-2-q23-23,accountancy-2025-67-7-3-q24-25,set_variant,cross-source duplicate kept with canonical link
dupe-246,accountancy-2025-67-7-2-q23-24,accountancy-2025-67-7-3-q24-26,set_variant,cross-source duplicate kept with canonical link
dupe-247,accountancy-2025-67-7-2-q24-25,accountancy-2025-67-7-3-q25-27,set_variant,cross-source duplicate kept with canonical link
dupe-248,accountancy-2025-67-7-2-q24-26,accountancy-2025-67-7-3-q25-28,set_variant,cross-source duplicate kept with canonical link
dupe-249,accountancy-2025-67-7-2-q25-27,accountancy-2025-67-7-3-q23-23,set_variant,cross-source duplicate kept with canonical link
dupe-250,accountancy-2025-67-7-2-q25-28,accountancy-2025-67-7-3-q23-24,set_variant,cross-source duplicate kept with canonical link
dupe-251,accountancy-2025-67-7-2-q25-28-or-b,accountancy-2025-67-7-3-q23-24-or-b,set_variant,cross-source duplicate kept with canonical link
dupe-252,accountancy-2025-67-7-2-q28-31-or-b,accountancy-2025-67-7-3-q27-31-or-b,set_variant,cross-source duplicate kept with canonical link
dupe-253,accountancy-2025-67-7-2-q28-44-or-b,accountancy-2025-67-7-3-q27-44-or-b,set_variant,cross-source duplicate kept with canonical link
dupe-254,accountancy-2025-67-7-2-q30-46-or-b,accountancy-2025-67-7-3-q29-46-or-b,set_variant,cross-source duplicate kept with canonical link