id,action,reason
accountancy-2024-67-1-2-q5-5,retain-as-set-variant,cross source exact duplicate retained as flagged evidence in dupe-1
accountancy-2024-67-1-3-q9-9,retain-as-set-variant,cross source exact duplicate retained as flagged evidence in dupe-1
accountancy-2024-67-1-2-q3-3,retain-as-set-variant,cross source exact duplicate retained as flagged evidence in dupe-2
accountancy-2024-67-1-3-q15-15,retain-as-set-variant,cross source exact duplicate retained as flagged evidence in dupe-2
accountancy-2024-67-1-2-q1-1,retain-as-set-variant,cross source exact duplicate retained as flagged evidence in dupe-3
accountancy-2024-67-1-3-q10-10,retain-as-set-variant,cross source exact duplicate retained as flagged evidence in dupe-3
accountancy-2024-67-1-2-q2-2,retain-as-set-variant,cross source exact duplicate retained as flagged evidence in dupe-4
accountancy-2024-67-1-3-q16-16,retain-as-set-variant,cross source exact duplicate retained as flagged evidence in dupe-4
accountancy-2024-67-1-2-q6-6,retain-as-set-variant,cross source exact duplicate retained as flagged evidence in dupe-5
accountancy-2024-67-1-2-q7-7,retain-as-set-variant,cross source exact duplicate retained as flagged evidence in dupe-6
accountancy-2024-67-1-3-q7-7,retain-as-set-variant,cross source exact duplicate retained as flagged evidence in dupe-6
accountancy-2024-67-1-3-q8-8,retain-as-set-variant,cross source exact duplicate retained as flagged evidence in dupe-7
accountancy-2024-67-1-2-q12-12,retain-as-set-variant,cross source exact duplicate retained as flagged evidence in dupe-8
accountancy-2024-67-1-3-q5-5,retain-as-set-variant,cross source exact duplicate retained as flagged evidence in dupe-8
accountancy-2024-67-1-2-q14-14,retain-as-set-variant,cross source exact duplicate retained as flagged evidence in dupe-9
accountancy-2024-67-1-3-q12-12,retain-as-set-variant,cross source exact duplicate retained as flagged evidence in dupe-9
accountancy-2024-67-1-2-q13-13,retain-as-set-variant,cross source exact duplicate retained as flagged evidence in dupe-10
accountancy-2024-67-1-3-q3-3,retain-as-set-variant,cross source exact duplicate retained as flagged evidence in dupe-10
accountancy-2024-67-1-2-q15-15,retain-as-set-variant,cross source exact duplicate retained as flagged evidence in dupe-11
accountancy-2024-67-2-1-q9-9,retain-as-set-variant,cross source exact duplicate retained as flagged evidence in dupe-11
accountancy-2024-67-2-1-q16-16,soft-delete,same source exact duplicate in dupe-11
accountancy-2024-67-2-2-q1-1,retain-as-set-variant,cross source exact duplicate retained as flagged evidence in dupe-11
accountancy-2024-67-2-2-q6-6,soft-delete,same source exact duplicate in dupe-11
accountancy-2024-67-2-3-q3-3,retain-as-set-variant,cross source exact duplicate retained as flagged evidence in dupe-11
accountancy-2024-67-2-3-q12-12,soft-delete,same source exact duplicate in dupe-11
accountancy-2024-67-1-2-q16-16,retain-as-set-variant,cross source exact duplicate retained as flagged evidence in dupe-12
accountancy-2024-67-1-3-q2-2,retain-as-set-variant,cross source exact duplicate retained as flagged evidence in dupe-12
accountancy-2024-67-1-2-q20-20,retain-as-set-variant,cross source exact duplicate retained as flagged evidence in dupe-13
accountancy-2024-67-1-3-q19-19,retain-as-set-variant,cross source exact duplicate retained as flagged evidence in dupe-13
accountancy-2024-67-1-2-q20-20-or-b,retain-as-set-variant,cross source exact duplicate retained as flagged evidence in dupe-14
accountancy-2024-67-1-3-q19-19-or-b,retain-as-set-variant,cross source exact duplicate retained as flagged evidence in dupe-14
accountancy-2024-67-1-2-q19-19,retain-as-set-variant,cross source exact duplicate retained as flagged evidence in dupe-15
accountancy-2024-67-1-3-q20-20,retain-as-set-variant,cross source exact duplicate retained as flagged evidence in dupe-15
accountancy-2024-67-1-2-q19-19-or-b,retain-as-set-variant,cross source exact duplicate retained as flagged evidence in dupe-16
accountancy-2024-67-1-3-q20-20-or-b,retain-as-set-variant,cross source exact duplicate retained as flagged evidence in dupe-16
accountancy-2024-67-1-2-q21-21,retain-as-set-variant,cross source exact duplicate retained as flagged evidence in dupe-17
accountancy-2024-67-1-3-q22-22,retain-as-set-variant,cross source exact duplicate retained as flagged evidence in dupe-17
accountancy-2024-67-1-3-q25-25,retain-as-set-variant,cross source exact duplicate retained as flagged evidence in dupe-18
accountancy-2024-67-1-3-q25-25-or-b,retain-as-set-variant,cross source exact duplicate retained as flagged evidence in dupe-19
accountancy-2024-67-1-3-q26-26-or-b,retain-as-set-variant,cross source exact duplicate retained as flagged evidence in dupe-20
accountancy-2024-67-1-3-q29-29,retain-as-set-variant,cross source exact duplicate retained as flagged evidence in dupe-21
accountancy-2024-67-1-2-q30-38,retain-as-set-variant,cross source exact duplicate retained as flagged evidence in dupe-22
accountancy-2024-67-1-3-q29-36,retain-as-set-variant,cross source exact duplicate retained as flagged evidence in dupe-22
accountancy-2024-67-1-2-q28-28,retain-as-set-variant,cross source exact duplicate retained as flagged evidence in dupe-23
accountancy-2024-67-1-3-q27-27,retain-as-set-variant,cross source exact duplicate retained as flagged evidence in dupe-23
accountancy-2024-67-1-2-q28-28-or-b,retain-as-set-variant,cross source exact duplicate retained as flagged evidence in dupe-24
accountancy-2024-67-1-3-q27-27-or-b,retain-as-set-variant,cross source exact duplicate retained as flagged evidence in dupe-24
accountancy-2024-67-1-2-q28-36,retain-as-set-variant,cross source exact duplicate retained as flagged evidence in dupe-25
accountancy-2024-67-1-3-q27-34,retain-as-set-variant,cross source exact duplicate retained as flagged evidence in dupe-25
accountancy-2024-67-1-3-q33-33,retain-as-set-variant,cross source exact duplicate retained as flagged evidence in dupe-26
accountancy-2024-67-1-3-q33-33-or-b,retain-as-set-variant,cross source exact duplicate retained as flagged evidence in dupe-27
accountancy-2024-67-1-3-q33-39,retain-as-set-variant,cross source exact duplicate retained as flagged evidence in dupe-28
accountancy-2024-67-1-3-q33-39-or-b,retain-as-set-variant,cross source exact duplicate retained as flagged evidence in dupe-29
accountancy-2024-67-1-3-q4-4-or-b,retain-as-set-variant,cross source exact duplicate retained as flagged evidence in dupe-30
accountancy-2024-67-1-3-q13-13,retain-as-set-variant,cross source exact duplicate retained as flagged evidence in dupe-31
accountancy-2024-67-1-3-q28-28-or-b,retain-as-set-variant,cross source exact duplicate retained as flagged evidence in dupe-32
accountancy-2024-67-1-3-q28-35,retain-as-set-variant,cross source exact duplicate retained as flagged evidence in dupe-33
accountancy-2024-67-1-3-q30-37,retain-as-set-variant,cross source exact duplicate retained as flagged evidence in dupe-34
accountancy-2024-67-2-2-q9-9,retain-as-set-variant,cross source exact duplicate retained as flagged evidence in dupe-35
accountancy-2024-67-2-3-q8-8,retain-as-set-variant,cross source exact duplicate retained as flagged evidence in dupe-35
accountancy-2024-67-2-2-q12-12,retain-as-set-variant,cross source exact duplicate retained as flagged evidence in dupe-36
accountancy-2024-67-2-3-q11-11,retain-as-set-variant,cross source exact duplicate retained as flagged evidence in dupe-36
accountancy-2024-67-2-2-q8-8,retain-as-set-variant,cross source exact duplicate retained as flagged evidence in dupe-37
accountancy-2024-67-2-3-q16-16,retain-as-set-variant,cross source exact duplicate retained as flagged evidence in dupe-37
accountancy-2024-67-2-2-q5-5,retain-as-set-variant,cross source exact duplicate retained as flagged evidence in dupe-38
accountancy-2024-67-2-2-q11-11,retain-as-set-variant,cross source exact duplicate retained as flagged evidence in dupe-39
accountancy-2024-67-2-3-q2-2,retain-as-set-variant,cross source exact duplicate retained as flagged evidence in dupe-39
accountancy-2024-67-2-2-q10-10,retain-as-set-variant,cross source exact duplicate retained as flagged evidence in dupe-40
accountancy-2024-67-2-3-q9-9,retain-as-set-variant,cross source exact duplicate retained as flagged evidence in dupe-40
accountancy-2024-67-2-2-q16-16,retain-as-set-variant,cross source exact duplicate retained as flagged evidence in dupe-41
accountancy-2024-67-2-3-q5-5,retain-as-set-variant,cross source exact duplicate retained as flagged evidence in dupe-41
accountancy-2024-67-2-3-q6-6,retain-as-set-variant,cross source exact duplicate retained as flagged evidence in dupe-42
accountancy-2024-67-2-2-q2-2,retain-as-set-variant,cross source exact duplicate retained as flagged evidence in dupe-43
accountancy-2024-67-2-3-q7-7,retain-as-set-variant,cross source exact duplicate retained as flagged evidence in dupe-43
accountancy-2024-67-2-2-q7-7,retain-as-set-variant,cross source exact duplicate retained as flagged evidence in dupe-44
accountancy-2024-67-2-3-q4-4,retain-as-set-variant,cross source exact duplicate retained as flagged evidence in dupe-44
accountancy-2024-67-2-2-q15-15,retain-as-set-variant,cross source exact duplicate retained as flagged evidence in dupe-45
accountancy-2024-67-2-3-q15-15,retain-as-set-variant,cross source exact duplicate retained as flagged evidence in dupe-45
accountancy-2024-67-2-2-q14-14,retain-as-set-variant,cross source exact duplicate retained as flagged evidence in dupe-46
accountancy-2024-67-2-3-q14-14,retain-as-set-variant,cross source exact duplicate retained as flagged evidence in dupe-46
accountancy-2024-67-2-2-q19-19,retain-as-set-variant,cross source exact duplicate retained as flagged evidence in dupe-47
accountancy-2024-67-2-3-q17-17,retain-as-set-variant,cross source exact duplicate retained as flagged evidence in dupe-47
accountancy-2024-67-2-3-q17-17-or-b,retain-as-set-variant,cross source exact duplicate retained as flagged evidence in dupe-48
accountancy-2024-67-2-2-q17-17,retain-as-set-variant,cross source exact duplicate retained as flagged evidence in dupe-49
accountancy-2024-67-2-3-q19-19,retain-as-set-variant,cross source exact duplicate retained as flagged evidence in dupe-49
accountancy-2024-67-2-2-q22-22,retain-as-set-variant,cross source exact duplicate retained as flagged evidence in dupe-50
accountancy-2024-67-2-3-q21-21,retain-as-set-variant,cross source exact duplicate retained as flagged evidence in dupe-50
accountancy-2024-67-2-3-q25-25-or-b,retain-as-set-variant,cross source exact duplicate retained as flagged evidence in dupe-51
accountancy-2024-67-2-3-q26-26,retain-as-set-variant,cross source exact duplicate retained as flagged evidence in dupe-52
accountancy-2024-67-2-3-q26-26-or-b,retain-as-set-variant,cross source exact duplicate retained as flagged evidence in dupe-53
accountancy-2024-67-2-2-q29-29,retain-as-set-variant,cross source exact duplicate retained as flagged evidence in dupe-54
accountancy-2024-67-2-3-q30-38,retain-as-set-variant,cross source exact duplicate retained as flagged evidence in dupe-55
accountancy-2024-67-2-2-q29-37-or-b,retain-as-set-variant,cross source exact duplicate retained as flagged evidence in dupe-56
accountancy-2024-67-2-2-q28-36,retain-as-set-variant,cross source exact duplicate retained as flagged evidence in dupe-57
accountancy-2024-67-2-3-q27-35,retain-as-set-variant,cross source exact duplicate retained as flagged evidence in dupe-57
accountancy-2024-67-2-3-q27-27,retain-as-set-variant,cross source exact duplicate retained as flagged evidence in dupe-58
accountancy-2024-67-2-2-q33-39,retain-as-set-variant,cross source exact duplicate retained as flagged evidence in dupe-59
accountancy-2024-67-2-3-q33-40,retain-as-set-variant,cross source exact duplicate retained as flagged evidence in dupe-59
accountancy-2024-67-2-3-q34-41,retain-as-set-variant,cross source exact duplicate retained as flagged evidence in dupe-60
accountancy-2024-67-2-3-q1-1,retain-as-set-variant,cross source exact duplicate retained as flagged evidence in dupe-61
accountancy-2024-67-2-3-q10-10,retain-as-set-variant,cross source exact duplicate retained as flagged evidence in dupe-62
accountancy-2024-67-2-3-q8-8-or-b,retain-as-set-variant,cross source exact duplicate retained as flagged evidence in dupe-63
accountancy-2024-67-2-3-q22-22,retain-as-set-variant,cross source exact duplicate retained as flagged evidence in dupe-64
accountancy-2024-67-2-3-q28-36,retain-as-set-variant,cross source exact duplicate retained as flagged evidence in dupe-65
accountancy-2024-67-2-3-q30-30,retain-as-set-variant,cross source exact duplicate retained as flagged evidence in dupe-66
accountancy-2024-67-2-3-q33-40-or-b,retain-as-set-variant,cross source exact duplicate retained as flagged evidence in dupe-67
accountancy-2024-67-2-3-q34-34,retain-as-set-variant,cross source exact duplicate retained as flagged evidence in dupe-68
accountancy-2025-26-sqp-q32-43,retain-as-set-variant,cross source exact duplicate retained as flagged evidence in dupe-69
accountancy-2024-67-3-2-q12-12,retain-as-set-variant,cross source exact duplicate retained as flagged evidence in dupe-70
accountancy-2024-67-3-3-q10-10,retain-as-set-variant,cross source exact duplicate retained as flagged evidence in dupe-70
accountancy-2024-67-3-2-q14-14,retain-as-set-variant,cross source exact duplicate retained as flagged evidence in dupe-71
accountancy-2024-67-3-3-q16-16,retain-as-set-variant,cross source exact duplicate retained as flagged evidence in dupe-71
accountancy-2024-67-3-2-q1-1,retain-as-set-variant,cross source exact duplicate retained as flagged evidence in dupe-72
accountancy-2024-67-3-3-q3-3,retain-as-set-variant,cross source exact duplicate retained as flagged evidence in dupe-72
accountancy-2024-67-3-3-q1-1,retain-as-set-variant,cross source exact duplicate retained as flagged evidence in dupe-73
accountancy-2024-67-3-2-q2-2,retain-as-set-variant,cross source exact duplicate retained as flagged evidence in dupe-74
accountancy-2024-67-3-3-q4-4,retain-as-set-variant,cross source exact duplicate retained as flagged evidence in dupe-74
accountancy-2024-67-3-2-q5-5,retain-as-set-variant,cross source exact duplicate retained as flagged evidence in dupe-75
accountancy-2024-67-3-3-q2-2,retain-as-set-variant,cross source exact duplicate retained as flagged evidence in dupe-75
accountancy-2024-67-3-2-q3-3,retain-as-set-variant,cross source exact duplicate retained as flagged evidence in dupe-76
accountancy-2024-67-3-2-q3-3-or-b,retain-as-set-variant,cross source exact duplicate retained as flagged evidence in dupe-77
accountancy-2024-67-3-2-q4-4,retain-as-set-variant,cross source exact duplicate retained as flagged evidence in dupe-78
accountancy-2024-67-3-3-q5-5,retain-as-set-variant,cross source exact duplicate retained as flagged evidence in dupe-78
accountancy-2024-67-3-2-q20-20,retain-as-set-variant,cross source exact duplicate retained as flagged evidence in dupe-79
accountancy-2024-67-3-3-q19-19,retain-as-set-variant,cross source exact duplicate retained as flagged evidence in dupe-79
accountancy-2024-67-3-3-q26-26-or-b,retain-as-set-variant,cross source exact duplicate retained as flagged evidence in dupe-80
accountancy-2024-67-3-3-q29-29,retain-as-set-variant,cross source exact duplicate retained as flagged evidence in dupe-81
accountancy-2024-67-3-3-q29-37,retain-as-set-variant,cross source exact duplicate retained as flagged evidence in dupe-82
accountancy-2024-67-3-2-q29-37,retain-as-set-variant,cross source exact duplicate retained as flagged evidence in dupe-83
accountancy-2024-67-3-3-q30-38,retain-as-set-variant,cross source exact duplicate retained as flagged evidence in dupe-83
accountancy-2024-67-3-2-q28-28-or-b,retain-as-set-variant,cross source exact duplicate retained as flagged evidence in dupe-84
accountancy-2024-67-3-3-q27-27-or-b,retain-as-set-variant,cross source exact duplicate retained as flagged evidence in dupe-84
accountancy-2024-67-3-2-q28-36,retain-as-set-variant,cross source exact duplicate retained as flagged evidence in dupe-85
accountancy-2024-67-3-3-q27-35,retain-as-set-variant,cross source exact duplicate retained as flagged evidence in dupe-85
accountancy-2024-67-3-2-q27-27,retain-as-set-variant,cross source exact duplicate retained as flagged evidence in dupe-86
accountancy-2024-67-3-3-q28-28,retain-as-set-variant,cross source exact duplicate retained as flagged evidence in dupe-86
accountancy-2024-67-3-2-q27-35,retain-as-set-variant,cross source exact duplicate retained as flagged evidence in dupe-87
accountancy-2024-67-3-3-q28-36,retain-as-set-variant,cross source exact duplicate retained as flagged evidence in dupe-87
accountancy-2024-67-3-3-q7-7,retain-as-set-variant,cross source exact duplicate retained as flagged evidence in dupe-88
accountancy-2024-67-3-3-q8-8,retain-as-set-variant,cross source exact duplicate retained as flagged evidence in dupe-89
accountancy-2024-67-3-3-q9-9-or-b,retain-as-set-variant,cross source exact duplicate retained as flagged evidence in dupe-90
accountancy-2024-67-3-3-q15-15,retain-as-set-variant,cross source exact duplicate retained as flagged evidence in dupe-91
accountancy-2024-67-3-3-q14-14,retain-as-set-variant,cross source exact duplicate retained as flagged evidence in dupe-92
accountancy-2024-67-3-3-q22-22,retain-as-set-variant,cross source exact duplicate retained as flagged evidence in dupe-93
accountancy-2024-67-3-3-q27-27,retain-as-set-variant,cross source exact duplicate retained as flagged evidence in dupe-94
accountancy-2024-67-3-3-q33-33,retain-as-set-variant,cross source exact duplicate retained as flagged evidence in dupe-95
accountancy-2024-67-3-3-q33-33-or-b,retain-as-set-variant,cross source exact duplicate retained as flagged evidence in dupe-96
accountancy-2024-67-3-3-q34-34,retain-as-set-variant,cross source exact duplicate retained as flagged evidence in dupe-97
accountancy-2025-67-4-3-q1-27,retain-as-set-variant,cross source exact duplicate retained as flagged evidence in dupe-98
accountancy-2025-67-4-2-q11-10,retain-as-set-variant,cross source exact duplicate retained as flagged evidence in dupe-99
accountancy-2025-67-4-3-q7-6,retain-as-set-variant,cross source exact duplicate retained as flagged evidence in dupe-99
accountancy-2025-67-4-2-q10-9,retain-as-set-variant,cross source exact duplicate retained as flagged evidence in dupe-100
accountancy-2025-67-4-3-q6-5,retain-as-set-variant,cross source exact duplicate retained as flagged evidence in dupe-100
accountancy-2025-67-4-2-q9-8,retain-as-set-variant,cross source exact duplicate retained as flagged evidence in dupe-101
accountancy-2025-67-4-3-q10-9,retain-as-set-variant,cross source exact duplicate retained as flagged evidence in dupe-101
accountancy-2025-67-4-2-q8-7,retain-as-set-variant,cross source exact duplicate retained as flagged evidence in dupe-102
accountancy-2025-67-4-3-q5-4,retain-as-set-variant,cross source exact duplicate retained as flagged evidence in dupe-102
accountancy-2025-67-4-3-q8-7,retain-as-set-variant,cross source exact duplicate retained as flagged evidence in dupe-103
accountancy-2025-67-4-2-q3-3,retain-as-set-variant,cross source exact duplicate retained as flagged evidence in dupe-104
accountancy-2025-67-4-3-q9-8,retain-as-set-variant,cross source exact duplicate retained as flagged evidence in dupe-104
accountancy-2025-67-4-2-q14-13,retain-as-set-variant,cross source exact duplicate retained as flagged evidence in dupe-105
accountancy-2025-67-4-3-q15-14,retain-as-set-variant,cross source exact duplicate retained as flagged evidence in dupe-105
accountancy-2025-67-4-2-q15-14,retain-as-set-variant,cross source exact duplicate retained as flagged evidence in dupe-106
accountancy-2025-67-4-3-q16-15,retain-as-set-variant,cross source exact duplicate retained as flagged evidence in dupe-106
accountancy-2025-67-4-2-q15-14-or-b,retain-as-set-variant,cross source exact duplicate retained as flagged evidence in dupe-107
accountancy-2025-67-4-2-q16-15,retain-as-set-variant,cross source exact duplicate retained as flagged evidence in dupe-108
accountancy-2025-67-4-3-q12-11,retain-as-set-variant,cross source exact duplicate retained as flagged evidence in dupe-108
accountancy-2025-67-4-2-q12-11-or-b,retain-as-set-variant,cross source exact duplicate retained as flagged evidence in dupe-109
accountancy-2025-67-4-3-q13-12-or-b,retain-as-set-variant,cross source exact duplicate retained as flagged evidence in dupe-109
accountancy-2025-67-4-2-q13-12,retain-as-set-variant,cross source exact duplicate retained as flagged evidence in dupe-110
accountancy-2025-67-4-3-q14-13,retain-as-set-variant,cross source exact duplicate retained as flagged evidence in dupe-110
accountancy-2025-67-4-3-q19-18,retain-as-set-variant,cross source exact duplicate retained as flagged evidence in dupe-111
accountancy-2025-67-4-3-q25-26,retain-as-set-variant,cross source exact duplicate retained as flagged evidence in dupe-112
accountancy-2025-67-4-2-q24-24,retain-as-set-variant,cross source exact duplicate retained as flagged evidence in dupe-113
accountancy-2025-67-4-3-q26-28,retain-as-set-variant,cross source exact duplicate retained as flagged evidence in dupe-113
accountancy-2025-67-4-2-q24-25,retain-as-set-variant,cross source exact duplicate retained as flagged evidence in dupe-114
accountancy-2025-67-4-2-q24-25-or-b,retain-as-set-variant,cross source exact duplicate retained as flagged evidence in dupe-115
accountancy-2025-67-4-2-q25-26,retain-as-set-variant,cross source exact duplicate retained as flagged evidence in dupe-116
accountancy-2025-67-4-3-q24-24,retain-as-set-variant,cross source exact duplicate retained as flagged evidence in dupe-116
accountancy-2025-67-4-2-q25-27,retain-as-set-variant,cross source exact duplicate retained as flagged evidence in dupe-117
accountancy-2025-67-4-2-q30-34,retain-as-set-variant,cross source exact duplicate retained as flagged evidence in dupe-118
accountancy-2025-67-4-3-q29-32,retain-as-set-variant,cross source exact duplicate retained as flagged evidence in dupe-118
accountancy-2025-67-4-2-q30-41,retain-as-set-variant,cross source exact duplicate retained as flagged evidence in dupe-119
accountancy-2025-67-4-3-q28-38,retain-as-set-variant,cross source exact duplicate retained as flagged evidence in dupe-119
accountancy-2025-67-4-2-q29-33,retain-as-set-variant,cross source exact duplicate retained as flagged evidence in dupe-120
accountancy-2025-67-4-3-q30-33,retain-as-set-variant,cross source exact duplicate retained as flagged evidence in dupe-120
accountancy-2025-67-4-2-q29-40,retain-as-set-variant,cross source exact duplicate retained as flagged evidence in dupe-121
accountancy-2025-67-4-3-q27-37,retain-as-set-variant,cross source exact duplicate retained as flagged evidence in dupe-121
accountancy-2025-67-4-2-q28-32,retain-as-set-variant,cross source exact duplicate retained as flagged evidence in dupe-122
accountancy-2025-67-4-3-q27-30,retain-as-set-variant,cross source exact duplicate retained as flagged evidence in dupe-122
accountancy-2025-67-4-2-q28-32-or-b,retain-as-set-variant,cross source exact duplicate retained as flagged evidence in dupe-123
accountancy-2025-67-4-2-q28-39,retain-as-set-variant,cross source exact duplicate retained as flagged evidence in dupe-124
accountancy-2025-67-4-3-q30-40,retain-as-set-variant,cross source exact duplicate retained as flagged evidence in dupe-124
accountancy-2025-67-4-2-q27-31,retain-as-set-variant,cross source exact duplicate retained as flagged evidence in dupe-125
accountancy-2025-67-4-3-q28-31,retain-as-set-variant,cross source exact duplicate retained as flagged evidence in dupe-125
accountancy-2025-67-4-2-q27-38,retain-as-set-variant,cross source exact duplicate retained as flagged evidence in dupe-126
accountancy-2025-67-4-3-q29-39,retain-as-set-variant,cross source exact duplicate retained as flagged evidence in dupe-126
accountancy-2025-67-4-2-q32-43,retain-as-set-variant,cross source exact duplicate retained as flagged evidence in dupe-127
accountancy-2025-67-4-3-q31-41,retain-as-set-variant,cross source exact duplicate retained as flagged evidence in dupe-127
accountancy-2025-67-4-2-q31-42,retain-as-set-variant,cross source exact duplicate retained as flagged evidence in dupe-128
accountancy-2025-67-4-3-q32-42,retain-as-set-variant,cross source exact duplicate retained as flagged evidence in dupe-128
accountancy-2025-67-4-2-q33-37,retain-as-set-variant,cross source exact duplicate retained as flagged evidence in dupe-129
accountancy-2025-67-4-3-q33-36,retain-as-set-variant,cross source exact duplicate retained as flagged evidence in dupe-129
accountancy-2025-67-4-2-q33-37-or-b,retain-as-set-variant,cross source exact duplicate retained as flagged evidence in dupe-130
accountancy-2025-67-4-3-q33-36-or-b,retain-as-set-variant,cross source exact duplicate retained as flagged evidence in dupe-130
accountancy-2025-67-4-3-q33-43,retain-as-set-variant,cross source exact duplicate retained as flagged evidence in dupe-131
accountancy-2025-67-4-3-q33-43-or-b,retain-as-set-variant,cross source exact duplicate retained as flagged evidence in dupe-132
accountancy-2025-67-4-3-q13-12,retain-as-set-variant,cross source exact duplicate retained as flagged evidence in dupe-133
accountancy-2025-67-4-3-q14-13-or-b,retain-as-set-variant,cross source exact duplicate retained as flagged evidence in dupe-134
accountancy-2025-67-4-3-q20-19,retain-as-set-variant,cross source exact duplicate retained as flagged evidence in dupe-135
accountancy-2025-67-4-3-q22-21,retain-as-set-variant,cross source exact duplicate retained as flagged evidence in dupe-136
accountancy-2025-67-4-3-q28-31-or-b,retain-as-set-variant,cross source exact duplicate retained as flagged evidence in dupe-137
accountancy-2025-67-5-2-q15-15,retain-as-set-variant,cross source exact duplicate retained as flagged evidence in dupe-138
accountancy-2025-67-5-3-q7-7,retain-as-set-variant,cross source exact duplicate retained as flagged evidence in dupe-138
accountancy-2025-67-6-2-q15-16,retain-as-set-variant,cross source exact duplicate retained as flagged evidence in dupe-138
accountancy-2025-67-6-3-q16-16,retain-as-set-variant,cross source exact duplicate retained as flagged evidence in dupe-138
accountancy-2025-67-5-2-q14-14,retain-as-set-variant,cross source exact duplicate retained as flagged evidence in dupe-139
accountancy-2025-67-5-3-q8-8,retain-as-set-variant,cross source exact duplicate retained as flagged evidence in dupe-139
accountancy-2025-67-5-2-q12-12,retain-as-set-variant,cross source exact duplicate retained as flagged evidence in dupe-140
accountancy-2025-67-5-3-q10-10,retain-as-set-variant,cross source exact duplicate retained as flagged evidence in dupe-140
accountancy-2025-67-5-2-q10-10,retain-as-set-variant,cross source exact duplicate retained as flagged evidence in dupe-141
accountancy-2025-67-5-3-q12-12,retain-as-set-variant,cross source exact duplicate retained as flagged evidence in dupe-141
accountancy-2025-67-5-3-q12-12-or-b,retain-as-set-variant,cross source exact duplicate retained as flagged evidence in dupe-142
accountancy-2025-67-5-2-q9-9,retain-as-set-variant,cross source exact duplicate retained as flagged evidence in dupe-143
accountancy-2025-67-5-3-q13-13,retain-as-set-variant,cross source exact duplicate retained as flagged evidence in dupe-143
accountancy-2025-67-5-2-q8-8,retain-as-set-variant,cross source exact duplicate retained as flagged evidence in dupe-144
accountancy-2025-67-5-3-q15-15,retain-as-set-variant,cross source exact duplicate retained as flagged evidence in dupe-145
accountancy-2025-67-5-2-q6-6,retain-as-set-variant,cross source exact duplicate retained as flagged evidence in dupe-146
accountancy-2025-67-5-3-q1-1,retain-as-set-variant,cross source exact duplicate retained as flagged evidence in dupe-146
accountancy-2025-67-5-3-q2-2,retain-as-set-variant,cross source exact duplicate retained as flagged evidence in dupe-147
accountancy-2025-67-5-2-q4-4,retain-as-set-variant,cross source exact duplicate retained as flagged evidence in dupe-148
accountancy-2025-67-5-3-q3-3,retain-as-set-variant,cross source exact duplicate retained as flagged evidence in dupe-148
accountancy-2025-67-5-3-q3-3-or-b,retain-as-set-variant,cross source exact duplicate retained as flagged evidence in dupe-149
accountancy-2025-67-5-2-q3-3,retain-as-set-variant,cross source exact duplicate retained as flagged evidence in dupe-150
accountancy-2025-67-5-3-q4-4,retain-as-set-variant,cross source exact duplicate retained as flagged evidence in dupe-150
accountancy-2025-67-5-2-q2-2,retain-as-set-variant,cross source exact duplicate retained as flagged evidence in dupe-151
accountancy-2025-67-5-3-q5-5,retain-as-set-variant,cross source exact duplicate retained as flagged evidence in dupe-151
accountancy-2025-67-5-2-q1-1,retain-as-set-variant,cross source exact duplicate retained as flagged evidence in dupe-152
accountancy-2025-67-5-3-q6-6,retain-as-set-variant,cross source exact duplicate retained as flagged evidence in dupe-152
accountancy-2025-67-5-2-q19-19,retain-as-set-variant,cross source exact duplicate retained as flagged evidence in dupe-153
accountancy-2025-67-5-3-q18-18,retain-as-set-variant,cross source exact duplicate retained as flagged evidence in dupe-153
accountancy-2025-67-5-2-q19-19-or-b,retain-as-set-variant,cross source exact duplicate retained as flagged evidence in dupe-154
accountancy-2025-67-5-3-q18-18-or-b,retain-as-set-variant,cross source exact duplicate retained as flagged evidence in dupe-154
accountancy-2025-67-5-2-q18-18,retain-as-set-variant,cross source exact duplicate retained as flagged evidence in dupe-155
accountancy-2025-67-5-3-q19-19,retain-as-set-variant,cross source exact duplicate retained as flagged evidence in dupe-155
accountancy-2025-67-5-2-q18-18-or-b,retain-as-set-variant,cross source exact duplicate retained as flagged evidence in dupe-156
accountancy-2025-67-5-3-q19-19-or-b,retain-as-set-variant,cross source exact duplicate retained as flagged evidence in dupe-156
accountancy-2025-67-5-2-q20-20,retain-as-set-variant,cross source exact duplicate retained as flagged evidence in dupe-157
accountancy-2025-67-5-3-q20-20,retain-as-set-variant,cross source exact duplicate retained as flagged evidence in dupe-157
accountancy-2025-67-5-3-q23-23,retain-as-set-variant,cross source exact duplicate retained as flagged evidence in dupe-158
accountancy-2025-67-5-3-q23-23-or-b,retain-as-set-variant,cross source exact duplicate retained as flagged evidence in dupe-159
accountancy-2025-67-5-3-q24-24,retain-as-set-variant,cross source exact duplicate retained as flagged evidence in dupe-160
accountancy-2025-67-5-2-q26-30,retain-as-set-variant,cross source exact duplicate retained as flagged evidence in dupe-161
accountancy-2025-67-5-3-q26-29,retain-as-set-variant,cross source exact duplicate retained as flagged evidence in dupe-161
accountancy-2025-67-5-2-q30-34,retain-as-set-variant,cross source exact duplicate retained as flagged evidence in dupe-162
accountancy-2025-67-5-3-q29-32,retain-as-set-variant,cross source exact duplicate retained as flagged evidence in dupe-162
accountancy-2025-67-5-2-q30-42,retain-as-set-variant,cross source exact duplicate retained as flagged evidence in dupe-163
accountancy-2025-67-5-3-q29-40,retain-as-set-variant,cross source exact duplicate retained as flagged evidence in dupe-163
accountancy-2025-67-5-2-q29-33,retain-as-set-variant,cross source exact duplicate retained as flagged evidence in dupe-164
accountancy-2025-67-5-2-q29-41,retain-as-set-variant,cross source exact duplicate retained as flagged evidence in dupe-165
accountancy-2025-67-5-3-q30-41,retain-as-set-variant,cross source exact duplicate retained as flagged evidence in dupe-165
accountancy-2025-67-5-2-q28-32,retain-as-set-variant,cross source exact duplicate retained as flagged evidence in dupe-166
accountancy-2025-67-5-3-q28-31,retain-as-set-variant,cross source exact duplicate retained as flagged evidence in dupe-166
accountancy-2025-67-5-2-q28-40,retain-as-set-variant,cross source exact duplicate retained as flagged evidence in dupe-167
accountancy-2025-67-5-3-q27-38,retain-as-set-variant,cross source exact duplicate retained as flagged evidence in dupe-167
accountancy-2025-67-5-2-q27-31,retain-as-set-variant,cross source exact duplicate retained as flagged evidence in dupe-168
accountancy-2025-67-5-3-q30-33,retain-as-set-variant,cross source exact duplicate retained as flagged evidence in dupe-168
accountancy-2025-67-5-2-q27-39,retain-as-set-variant,cross source exact duplicate retained as flagged evidence in dupe-169
accountancy-2025-67-5-3-q28-39,retain-as-set-variant,cross source exact duplicate retained as flagged evidence in dupe-169
accountancy-2025-67-5-2-q32-44,retain-as-set-variant,cross source exact duplicate retained as flagged evidence in dupe-170
accountancy-2025-67-5-3-q31-42,retain-as-set-variant,cross source exact duplicate retained as flagged evidence in dupe-170
accountancy-2025-67-5-2-q31-43,retain-as-set-variant,cross source exact duplicate retained as flagged evidence in dupe-171
accountancy-2025-67-5-3-q32-43,retain-as-set-variant,cross source exact duplicate retained as flagged evidence in dupe-171
accountancy-2025-67-5-2-q33-45,retain-as-set-variant,cross source exact duplicate retained as flagged evidence in dupe-172
accountancy-2025-67-5-3-q33-44,retain-as-set-variant,cross source exact duplicate retained as flagged evidence in dupe-172
accountancy-2025-67-5-2-q33-45-or-b,retain-as-set-variant,cross source exact duplicate retained as flagged evidence in dupe-173
accountancy-2025-67-5-3-q33-44-or-b,retain-as-set-variant,cross source exact duplicate retained as flagged evidence in dupe-173
accountancy-2025-67-5-3-q11-11,retain-as-set-variant,cross source exact duplicate retained as flagged evidence in dupe-174
accountancy-2025-67-5-3-q9-9,retain-as-set-variant,cross source exact duplicate retained as flagged evidence in dupe-175
accountancy-2025-67-5-3-q29-32-or-b,retain-as-set-variant,cross source exact duplicate retained as flagged evidence in dupe-176
accountancy-2025-67-6-2-q1-39,retain-as-set-variant,cross source exact duplicate retained as flagged evidence in dupe-177
accountancy-2025-67-6-3-q1-38,retain-as-set-variant,cross source exact duplicate retained as flagged evidence in dupe-177
accountancy-2025-67-6-3-q2-39,retain-as-set-variant,cross source exact duplicate retained as flagged evidence in dupe-178
accountancy-2025-67-6-2-q3-38,retain-as-set-variant,cross source exact duplicate retained as flagged evidence in dupe-179
accountancy-2025-67-6-3-q3-37,retain-as-set-variant,cross source exact duplicate retained as flagged evidence in dupe-179
accountancy-2025-67-6-2-q14-15,retain-as-set-variant,cross source exact duplicate retained as flagged evidence in dupe-180
accountancy-2025-67-6-3-q8-8,retain-as-set-variant,cross source exact duplicate retained as flagged evidence in dupe-180
accountancy-2025-67-6-2-q13-13,retain-as-set-variant,cross source exact duplicate retained as flagged evidence in dupe-181
accountancy-2025-67-6-2-q13-14,retain-as-set-variant,cross source exact duplicate retained as flagged evidence in dupe-182
accountancy-2025-67-6-3-q15-15,retain-as-set-variant,cross source exact duplicate retained as flagged evidence in dupe-182
accountancy-2025-67-6-2-q12-12,retain-as-set-variant,cross source exact duplicate retained as flagged evidence in dupe-183
accountancy-2025-67-6-2-q11-11,retain-as-set-variant,cross source exact duplicate retained as flagged evidence in dupe-184
accountancy-2025-67-6-3-q14-14,retain-as-set-variant,cross source exact duplicate retained as flagged evidence in dupe-184
accountancy-2025-67-6-2-q9-9,retain-as-set-variant,cross source exact duplicate retained as flagged evidence in dupe-185
accountancy-2025-67-6-3-q13-13,retain-as-set-variant,cross source exact duplicate retained as flagged evidence in dupe-185
accountancy-2025-67-6-2-q8-8,retain-as-set-variant,cross source exact duplicate retained as flagged evidence in dupe-186
accountancy-2025-67-6-3-q5-5,retain-as-set-variant,cross source exact duplicate retained as flagged evidence in dupe-186
accountancy-2025-67-6-2-q6-6,retain-as-set-variant,cross source exact duplicate retained as flagged evidence in dupe-187
accountancy-2025-67-6-3-q4-4,retain-as-set-variant,cross source exact duplicate retained as flagged evidence in dupe-187
accountancy-2025-67-6-2-q5-5,retain-as-set-variant,cross source exact duplicate retained as flagged evidence in dupe-188
accountancy-2025-67-6-2-q2-2,retain-as-set-variant,cross source exact duplicate retained as flagged evidence in dupe-189
accountancy-2025-67-6-3-q2-2,retain-as-set-variant,cross source exact duplicate retained as flagged evidence in dupe-189
accountancy-2025-67-6-2-q19-20,retain-as-set-variant,cross source exact duplicate retained as flagged evidence in dupe-190
accountancy-2025-67-6-3-q19-19,retain-as-set-variant,cross source exact duplicate retained as flagged evidence in dupe-190
accountancy-2025-67-6-2-q19-20-or-b,retain-as-set-variant,cross source exact duplicate retained as flagged evidence in dupe-191
accountancy-2025-67-6-3-q19-19-or-b,retain-as-set-variant,cross source exact duplicate retained as flagged evidence in dupe-191
accountancy-2025-67-6-2-q20-21,retain-as-set-variant,cross source exact duplicate retained as flagged evidence in dupe-192
accountancy-2025-67-6-3-q20-20,retain-as-set-variant,cross source exact duplicate retained as flagged evidence in dupe-192
accountancy-2025-67-6-2-q20-21-or-b,retain-as-set-variant,cross source exact duplicate retained as flagged evidence in dupe-193
accountancy-2025-67-6-3-q20-20-or-b,retain-as-set-variant,cross source exact duplicate retained as flagged evidence in dupe-193
accountancy-2025-67-6-2-q18-19,retain-as-set-variant,cross source exact duplicate retained as flagged evidence in dupe-194
accountancy-2025-67-6-3-q18-18,retain-as-set-variant,cross source exact duplicate retained as flagged evidence in dupe-194
accountancy-2025-67-6-2-q24-26,retain-as-set-variant,cross source exact duplicate retained as flagged evidence in dupe-195
accountancy-2025-67-6-2-q24-26-or-b,retain-as-set-variant,cross source exact duplicate retained as flagged evidence in dupe-196
accountancy-2025-67-6-2-q30-44,retain-as-set-variant,cross source exact duplicate retained as flagged evidence in dupe-197
accountancy-2025-67-6-3-q29-43,retain-as-set-variant,cross source exact duplicate retained as flagged evidence in dupe-197
accountancy-2025-67-6-2-q29-43,retain-as-set-variant,cross source exact duplicate retained as flagged evidence in dupe-198
accountancy-2025-67-6-3-q30-44,retain-as-set-variant,cross source exact duplicate retained as flagged evidence in dupe-198
accountancy-2025-67-6-3-q30-32,retain-as-set-variant,cross source exact duplicate retained as flagged evidence in dupe-199
accountancy-2025-67-6-2-q28-42,retain-as-set-variant,cross source exact duplicate retained as flagged evidence in dupe-200
accountancy-2025-67-6-3-q27-41,retain-as-set-variant,cross source exact duplicate retained as flagged evidence in dupe-200
accountancy-2025-67-6-2-q27-31,retain-as-set-variant,cross source exact duplicate retained as flagged evidence in dupe-201
accountancy-2025-67-6-3-q28-30,retain-as-set-variant,cross source exact duplicate retained as flagged evidence in dupe-201
accountancy-2025-67-6-2-q27-41,retain-as-set-variant,cross source exact duplicate retained as flagged evidence in dupe-202
accountancy-2025-67-6-3-q28-42,retain-as-set-variant,cross source exact duplicate retained as flagged evidence in dupe-202
accountancy-2025-67-6-2-q31-45,retain-as-set-variant,cross source exact duplicate retained as flagged evidence in dupe-203
accountancy-2025-67-6-3-q32-45,retain-as-set-variant,cross source exact duplicate retained as flagged evidence in dupe-203
accountancy-2025-67-6-2-q33-36,retain-as-set-variant,cross source exact duplicate retained as flagged evidence in dupe-204
accountancy-2025-67-6-3-q33-35,retain-as-set-variant,cross source exact duplicate retained as flagged evidence in dupe-204
accountancy-2025-67-6-2-q33-36-or-b,retain-as-set-variant,cross source exact duplicate retained as flagged evidence in dupe-205
accountancy-2025-67-6-3-q33-35-or-b,retain-as-set-variant,cross source exact duplicate retained as flagged evidence in dupe-205
accountancy-2025-67-6-2-q33-46,retain-as-set-variant,cross source exact duplicate retained as flagged evidence in dupe-206
accountancy-2025-67-6-3-q33-46,retain-as-set-variant,cross source exact duplicate retained as flagged evidence in dupe-206
accountancy-2025-67-6-2-q33-46-or-b,retain-as-set-variant,cross source exact duplicate retained as flagged evidence in dupe-207
accountancy-2025-67-6-3-q33-46-or-b,retain-as-set-variant,cross source exact duplicate retained as flagged evidence in dupe-207
accountancy-2025-67-6-3-q10-10,retain-as-set-variant,cross source exact duplicate retained as flagged evidence in dupe-208
accountancy-2025-67-6-3-q3-3,retain-as-set-variant,cross source exact duplicate retained as flagged evidence in dupe-209
accountancy-2025-67-6-3-q6-6,retain-as-set-variant,cross source exact duplicate retained as flagged evidence in dupe-210
accountancy-2025-67-6-3-q29-31,retain-as-set-variant,cross source exact duplicate retained as flagged evidence in dupe-211
accountancy-2025-67-6-3-q29-31-or-b,retain-as-set-variant,cross source exact duplicate retained as flagged evidence in dupe-212
accountancy-2025-67-7-2-q12-12,retain-as-set-variant,cross source exact duplicate retained as flagged evidence in dupe-213
accountancy-2025-67-7-3-q14-14,retain-as-set-variant,cross source exact duplicate retained as flagged evidence in dupe-213
accountancy-2025-67-7-2-q11-11,retain-as-set-variant,cross source exact duplicate retained as flagged evidence in dupe-214
accountancy-2025-67-7-3-q15-15,retain-as-set-variant,cross source exact duplicate retained as flagged evidence in dupe-214
accountancy-2025-67-7-2-q10-10,retain-as-set-variant,cross source exact duplicate retained as flagged evidence in dupe-215
accountancy-2025-67-7-3-q16-16,retain-as-set-variant,cross source exact duplicate retained as flagged evidence in dupe-215
accountancy-2025-67-7-2-q14-14,retain-as-set-variant,cross source exact duplicate retained as flagged evidence in dupe-216
accountancy-2025-67-7-3-q10-10,retain-as-set-variant,cross source exact duplicate retained as flagged evidence in dupe-216
accountancy-2025-67-7-2-q15-15,retain-as-set-variant,cross source exact duplicate retained as flagged evidence in dupe-217
accountancy-2025-67-7-3-q11-11,retain-as-set-variant,cross source exact duplicate retained as flagged evidence in dupe-217
accountancy-2025-67-7-2-q16-16,retain-as-set-variant,cross source exact duplicate retained as flagged evidence in dupe-218
accountancy-2025-67-7-3-q12-12,retain-as-set-variant,cross source exact duplicate retained as flagged evidence in dupe-218
accountancy-2025-67-7-2-q1-1,retain-as-set-variant,cross source exact duplicate retained as flagged evidence in dupe-219
accountancy-2025-67-7-3-q8-8,retain-as-set-variant,cross source exact duplicate retained as flagged evidence in dupe-219
accountancy-2025-67-7-2-q2-2,retain-as-set-variant,cross source exact duplicate retained as flagged evidence in dupe-220
accountancy-2025-67-7-3-q7-7,retain-as-set-variant,cross source exact duplicate retained as flagged evidence in dupe-220
accountancy-2025-67-7-2-q3-3,retain-as-set-variant,cross source exact duplicate retained as flagged evidence in dupe-221
accountancy-2025-67-7-3-q6-6,retain-as-set-variant,cross source exact duplicate retained as flagged evidence in dupe-221
accountancy-2025-67-7-2-q4-4,retain-as-set-variant,cross source exact duplicate retained as flagged evidence in dupe-222
accountancy-2025-67-7-3-q5-5,retain-as-set-variant,cross source exact duplicate retained as flagged evidence in dupe-222
accountancy-2025-67-7-2-q5-5,retain-as-set-variant,cross source exact duplicate retained as flagged evidence in dupe-223
accountancy-2025-67-7-3-q4-4,retain-as-set-variant,cross source exact duplicate retained as flagged evidence in dupe-223
accountancy-2025-67-7-2-q6-6,retain-as-set-variant,cross source exact duplicate retained as flagged evidence in dupe-224
accountancy-2025-67-7-2-q7-7,retain-as-set-variant,cross source exact duplicate retained as flagged evidence in dupe-225
accountancy-2025-67-7-3-q2-2,retain-as-set-variant,cross source exact duplicate retained as flagged evidence in dupe-225
accountancy-2025-67-7-2-q8-8,retain-as-set-variant,cross source exact duplicate retained as flagged evidence in dupe-226
accountancy-2025-67-7-3-q1-1,retain-as-set-variant,cross source exact duplicate retained as flagged evidence in dupe-226
accountancy-2025-67-7-2-q19-19,retain-as-set-variant,cross source exact duplicate retained as flagged evidence in dupe-227
accountancy-2025-67-7-3-q18-18,retain-as-set-variant,cross source exact duplicate retained as flagged evidence in dupe-227
accountancy-2025-67-7-3-q18-18-or-b,retain-as-set-variant,cross source exact duplicate retained as flagged evidence in dupe-228
accountancy-2025-67-7-2-q18-18,retain-as-set-variant,cross source exact duplicate retained as flagged evidence in dupe-229
accountancy-2025-67-7-3-q19-19,retain-as-set-variant,cross source exact duplicate retained as flagged evidence in dupe-229
accountancy-2025-67-7-2-q22-22,retain-as-set-variant,cross source exact duplicate retained as flagged evidence in dupe-230
accountancy-2025-67-7-3-q22-22,retain-as-set-variant,cross source exact duplicate retained as flagged evidence in dupe-230
accountancy-2025-67-7-2-q29-32,retain-as-set-variant,cross source exact duplicate retained as flagged evidence in dupe-231
accountancy-2025-67-7-3-q28-32,retain-as-set-variant,cross source exact duplicate retained as flagged evidence in dupe-231
accountancy-2025-67-7-2-q30-46,retain-as-set-variant,cross source exact duplicate retained as flagged evidence in dupe-232
accountancy-2025-67-7-3-q29-46,retain-as-set-variant,cross source exact duplicate retained as flagged evidence in dupe-232
accountancy-2025-67-7-2-q27-30,retain-as-set-variant,cross source exact duplicate retained as flagged evidence in dupe-233
accountancy-2025-67-7-2-q29-45,retain-as-set-variant,cross source exact duplicate retained as flagged evidence in dupe-234
accountancy-2025-67-7-3-q30-47,retain-as-set-variant,cross source exact duplicate retained as flagged evidence in dupe-234
accountancy-2025-67-7-2-q28-31,retain-as-set-variant,cross source exact duplicate retained as flagged evidence in dupe-235
accountancy-2025-67-7-3-q27-31,retain-as-set-variant,cross source exact duplicate retained as flagged evidence in dupe-235
accountancy-2025-67-7-2-q28-44,retain-as-set-variant,cross source exact duplicate retained as flagged evidence in dupe-236
accountancy-2025-67-7-3-q27-44,retain-as-set-variant,cross source exact duplicate retained as flagged evidence in dupe-236
accountancy-2025-67-7-2-q30-33,retain-as-set-variant,cross source exact duplicate retained as flagged evidence in dupe-237
accountancy-2025-67-7-3-q30-34,retain-as-set-variant,cross source exact duplicate retained as flagged evidence in dupe-237
accountancy-2025-67-7-2-q27-43,retain-as-set-variant,cross source exact duplicate retained as flagged evidence in dupe-238
accountancy-2025-67-7-3-q28-45,retain-as-set-variant,cross source exact duplicate retained as flagged evidence in dupe-238
accountancy-2025-67-7-2-q32-48,retain-as-set-variant,cross source exact duplicate retained as flagged evidence in dupe-239
accountancy-2025-67-7-3-q31-48,retain-as-set-variant,cross source exact duplicate retained as flagged evidence in dupe-239
accountancy-2025-67-7-2-q31-47,retain-as-set-variant,cross source exact duplicate retained as flagged evidence in dupe-240
accountancy-2025-67-7-3-q32-49,retain-as-set-variant,cross source exact duplicate retained as flagged evidence in dupe-240
accountancy-2025-67-7-2-q33-40,retain-as-set-variant,cross source exact duplicate retained as flagged evidence in dupe-241
accountancy-2025-67-7-3-q33-41,retain-as-set-variant,cross source exact duplicate retained as flagged evidence in dupe-241
accountancy-2025-67-7-2-q33-40-or-b,retain-as-set-variant,cross source exact duplicate retained as flagged evidence in dupe-242
accountancy-2025-67-7-3-q33-41-or-b,retain-as-set-variant,cross source exact duplicate retained as flagged evidence in dupe-242
accountancy-2025-67-7-3-q33-50,retain-as-set-variant,cross source exact duplicate retained as flagged evidence in dupe-243
accountancy-2025-67-7-3-q6-6-or-b,retain-as-set-variant,cross source exact duplicate retained as flagged evidence in dupe-244
accountancy-2025-67-7-3-q24-25,retain-as-set-variant,cross source exact duplicate retained as flagged evidence in dupe-245
accountancy-2025-67-7-3-q24-26,retain-as-set-variant,cross source exact duplicate retained as flagged evidence in dupe-246
accountancy-2025-67-7-3-q25-27,retain-as-set-variant,cross source exact duplicate retained as flagged evidence in dupe-247
accountancy-2025-67-7-3-q25-28,retain-as-set-variant,cross source exact duplicate retained as flagged evidence in dupe-248
accountancy-2025-67-7-3-q23-23,retain-as-set-variant,cross source exact duplicate retained as flagged evidence in dupe-249
accountancy-2025-67-7-3-q23-24,retain-as-set-variant,cross source exact duplicate retained as flagged evidence in dupe-250
accountancy-2025-67-7-3-q23-24-or-b,retain-as-set-variant,cross source exact duplicate retained as flagged evidence in dupe-251
accountancy-2025-67-7-3-q27-31-or-b,retain-as-set-variant,cross source exact duplicate retained as flagged evidence in dupe-252
accountancy-2025-67-7-3-q27-44-or-b,retain-as-set-variant,cross source exact duplicate retained as flagged evidence in dupe-253
accountancy-2025-67-7-3-q29-46-or-b,retain-as-set-variant,cross source exact duplicate retained as flagged evidence in dupe-254
economics-2025-26-sqp-q21-21,soft-delete,same source exact duplicate in dupe-255