q_a_id,q_b_id,score,auto_merged
accountancy-2024-67-1-1-q2-2,accountancy-2024-67-1-1-q3-3,2,False
accountancy-2024-67-1-1-q3-3,accountancy-2024-67-1-1-q4-4,2,False
accountancy-2024-67-1-1-q5-5,accountancy-2024-67-1-1-q6-6,2,False
accountancy-2024-67-1-1-q6-6,accountancy-2024-67-1-1-q7-7,2,False
accountancy-2024-67-1-1-q9-9,accountancy-2024-67-1-1-q10-10,2,False
accountancy-2024-67-1-1-q10-10,accountancy-2024-67-1-1-q11-11,2,False
accountancy-2024-67-1-1-q11-11,accountancy-2024-67-1-1-q12-12,2,False
accountancy-2024-67-1-1-q12-12,accountancy-2024-67-1-1-q13-13,2,False
accountancy-2024-67-1-1-q13-13,accountancy-2024-67-1-1-q18-18,2,False
accountancy-2024-67-1-1-q22-22,accountancy-2024-67-1-1-q23-23,2,False
accountancy-2024-67-1-1-q23-23,accountancy-2024-67-1-1-q24-24,2,False
accountancy-2024-67-1-1-q27-27,accountancy-2024-67-1-1-q28-28,2,False
accountancy-2024-67-1-1-q28-28,accountancy-2024-67-1-1-q30-30,2,False
accountancy-2024-67-1-1-q30-37,accountancy-2024-67-1-1-q32-32,2,False
accountancy-2024-67-1-1-q32-32,accountancy-2024-67-1-1-q33-33,2,False
accountancy-2024-67-1-2-q8-8,accountancy-2024-67-1-2-q9-9,2,False
accountancy-2024-67-1-2-q9-9,accountancy-2024-67-1-2-q10-10,2,False
accountancy-2024-67-1-2-q11-11,accountancy-2024-67-1-2-q17-17,2,False
accountancy-2024-67-1-2-q17-17,accountancy-2024-67-1-2-q18-18,2,False
accountancy-2024-67-1-2-q22-22,accountancy-2024-67-1-2-q23-23,2,False
accountancy-2024-67-1-2-q23-23,accountancy-2024-67-1-2-q24-24,2,False
accountancy-2024-67-1-2-q31-31,accountancy-2024-67-1-2-q32-32,2,False
accountancy-2024-67-1-2-q32-32,accountancy-2024-67-1-2-q33-33,2,False
accountancy-2024-67-1-3-q1-1,accountancy-2024-67-1-3-q4-4,2,False
accountancy-2024-67-1-3-q14-14,accountancy-2024-67-1-3-q17-17,2,False
accountancy-2024-67-1-3-q17-17,accountancy-2024-67-1-3-q18-18,2,False
accountancy-2024-67-1-3-q18-18,accountancy-2024-67-1-3-q21-21,2,False
accountancy-2024-67-1-3-q21-21,accountancy-2024-67-1-3-q23-23,2,False
accountancy-2024-67-1-3-q23-23,accountancy-2024-67-1-3-q24-24,2,False
accountancy-2024-67-1-3-q28-28,accountancy-2024-67-1-3-q30-30,2,False
accountancy-2024-67-2-1-q1-1,accountancy-2024-67-2-1-q3-3,2,False
accountancy-2024-67-2-1-q3-3,accountancy-2024-67-2-1-q4-4,2,False
accountancy-2024-67-2-1-q4-4,accountancy-2024-67-2-1-q6-6,2,False
accountancy-2024-67-2-1-q10-10,accountancy-2024-67-2-1-q11-11,2,False
accountancy-2024-67-2-1-q12-12,accountancy-2024-67-2-1-q14-14,2,False
accountancy-2024-67-2-1-q15-15,accountancy-2024-67-2-1-q17-17,2,False
accountancy-2024-67-2-1-q19-19,accountancy-2024-67-2-1-q21-21,2,False
accountancy-2024-67-2-1-q21-21,accountancy-2024-67-2-1-q22-22,2,False
accountancy-2024-67-2-1-q27-27,accountancy-2024-67-2-1-q28-35,2,False
accountancy-2024-67-2-1-q28-35,accountancy-2024-67-2-1-q30-30,2,False
accountancy-2024-67-2-1-q30-37,accountancy-2024-67-2-1-q31-31,2,False
accountancy-2024-67-2-1-q31-31,accountancy-2024-67-2-1-q32-32,2,False
accountancy-2024-67-2-1-q32-32,accountancy-2024-67-2-1-q33-33,2,False
accountancy-2024-67-2-2-q4-4,accountancy-2024-67-2-2-q13-13,2,False
accountancy-2024-67-2-2-q27-35,accountancy-2024-67-2-2-q28-28,2,False
accountancy-2024-67-2-2-q28-28,accountancy-2024-67-2-2-q29-37,2,False
accountancy-2024-67-2-2-q31-31,accountancy-2024-67-2-2-q32-32,2,False
accountancy-2024-67-2-2-q32-38,accountancy-2024-67-2-2-q33-33,2,False
accountancy-2024-67-2-2-q33-33,accountancy-2024-67-2-2-q34-40,2,False
accountancy-2024-67-2-3-q28-28,accountancy-2024-67-2-3-q29-29,2,False
accountancy-2024-67-2-3-q31-31,accountancy-2024-67-2-3-q32-32,2,False
accountancy-2024-67-2-3-q32-39,accountancy-2024-67-2-3-q33-33,2,False
accountancy-2024-67-3-1-q2-2,accountancy-2024-67-3-1-q3-3,2,False
accountancy-2024-67-3-1-q5-5,accountancy-2024-67-3-1-q6-6,2,False
accountancy-2024-67-3-1-q6-6,accountancy-2024-67-3-1-q7-7,2,False
accountancy-2024-67-3-1-q9-9,accountancy-2024-67-3-1-q10-10,2,False
accountancy-2024-67-3-1-q10-10,accountancy-2024-67-3-1-q11-11,2,False
accountancy-2024-67-3-1-q11-11,accountancy-2024-67-3-1-q12-12,2,False
accountancy-2024-67-3-1-q12-12,accountancy-2024-67-3-1-q13-13,2,False
accountancy-2024-67-3-1-q13-13,accountancy-2024-67-3-1-q15-15,2,False
accountancy-2024-67-3-1-q15-15,accountancy-2024-67-3-1-q16-16,2,False
accountancy-2024-67-3-1-q16-16,accountancy-2024-67-3-1-q18-18,2,False
accountancy-2024-67-3-1-q27-27,accountancy-2024-67-3-1-q28-28,2,False
accountancy-2024-67-3-1-q28-28,accountancy-2024-67-3-1-q30-30,2,False
accountancy-2024-67-3-1-q30-38,accountancy-2024-67-3-1-q32-32,2,False
accountancy-2024-67-3-1-q32-32,accountancy-2024-67-3-1-q33-33,2,False
accountancy-2024-67-3-1-q33-33,accountancy-2024-67-3-1-q34-34,2,False
accountancy-2024-67-3-2-q6-6,accountancy-2024-67-3-2-q7-7,2,False
accountancy-2024-67-3-2-q11-11,accountancy-2024-67-3-2-q15-15,2,False
accountancy-2024-67-3-2-q15-15,accountancy-2024-67-3-2-q16-16,2,False
accountancy-2024-67-3-2-q17-17,accountancy-2024-67-3-2-q18-18,2,False
accountancy-2024-67-3-2-q19-19,accountancy-2024-67-3-2-q21-21,2,False
accountancy-2024-67-3-2-q31-31,accountancy-2024-67-3-2-q32-32,2,False
accountancy-2024-67-3-2-q32-32,accountancy-2024-67-3-2-q33-33,2,False
accountancy-2024-67-3-2-q33-33,accountancy-2024-67-3-2-q34-34,2,False
accountancy-2024-67-3-3-q12-12,accountancy-2024-67-3-3-q17-17,2,False
accountancy-2024-67-3-3-q17-17,accountancy-2024-67-3-3-q18-18,2,False
accountancy-2024-67-3-3-q18-18,accountancy-2024-67-3-3-q23-23,2,False
accountancy-2025-26-sqp-q14-14,accountancy-2025-26-sqp-q15-15,2,False
accountancy-2025-26-sqp-q27-29,accountancy-2025-26-sqp-q28-31,2,False
accountancy-2025-67-4-1-q2-2,accountancy-2025-67-4-1-q3-3,2,False
accountancy-2025-67-4-1-q5-5,accountancy-2025-67-4-1-q6-6,2,False
accountancy-2025-67-4-1-q6-6,accountancy-2025-67-4-1-q7-7,2,False
accountancy-2025-67-4-1-q7-7,accountancy-2025-67-4-1-q8-8,2,False
accountancy-2025-67-4-1-q12-11,accountancy-2025-67-4-1-q13-12,2,False
accountancy-2025-67-4-1-q14-13,accountancy-2025-67-4-1-q17-16,2,False
accountancy-2025-67-4-1-q19-18,accountancy-2025-67-4-1-q22-21,2,False
accountancy-2025-67-4-1-q22-21,accountancy-2025-67-4-1-q23-22,2,False
accountancy-2025-67-4-1-q25-25,accountancy-2025-67-4-1-q26-28,2,False
accountancy-2025-67-4-1-q28-38,accountancy-2025-67-4-1-q29-32,2,False
accountancy-2025-67-4-1-q29-32,accountancy-2025-67-4-1-q30-33,2,False
accountancy-2025-67-4-1-q30-40,accountancy-2025-67-4-1-q32-35,2,False
accountancy-2025-67-4-1-q32-35,accountancy-2025-67-4-1-q33-36,2,False
accountancy-2025-67-4-2-q12-11,accountancy-2025-67-4-2-q18-17,2,False
accountancy-2025-67-4-2-q18-17,accountancy-2025-67-4-2-q19-18,2,False
accountancy-2025-67-4-2-q19-18,accountancy-2025-67-4-2-q21-20,2,False
accountancy-2025-67-4-2-q21-20,accountancy-2025-67-4-2-q22-21,2,False
accountancy-2025-67-4-2-q32-36,accountancy-2025-67-4-2-q33-44,2,False
accountancy-2025-67-4-3-q11-10,accountancy-2025-67-4-3-q23-22,2,False
accountancy-2025-67-4-3-q23-22,accountancy-2025-67-4-3-q24-25,2,False
accountancy-2025-67-4-3-q31-34,accountancy-2025-67-4-3-q32-35,2,False
accountancy-2025-67-5-1-q1-1,accountancy-2025-67-5-1-q2-2,2,False
accountancy-2025-67-5-1-q4-4,accountancy-2025-67-5-1-q5-5,2,False
accountancy-2025-67-5-1-q5-5,accountancy-2025-67-5-1-q6-6,2,False
accountancy-2025-67-5-1-q6-6,accountancy-2025-67-5-1-q8-8,2,False
accountancy-2025-67-5-1-q9-9,accountancy-2025-67-5-1-q10-10,2,False
accountancy-2025-67-5-1-q10-10,accountancy-2025-67-5-1-q11-11,2,False
accountancy-2025-67-5-1-q11-11,accountancy-2025-67-5-1-q12-12,2,False
accountancy-2025-67-5-1-q12-12,accountancy-2025-67-5-1-q14-14,2,False
accountancy-2025-67-5-1-q14-14,accountancy-2025-67-5-1-q15-15,2,False
accountancy-2025-67-5-1-q15-15,accountancy-2025-67-5-1-q17-17,2,False
accountancy-2025-67-5-1-q17-17,accountancy-2025-67-5-1-q18-18,2,False
accountancy-2025-67-5-1-q20-20,accountancy-2025-67-5-1-q21-21,2,False
accountancy-2025-67-5-1-q25-27,accountancy-2025-67-5-1-q26-28,2,False
accountancy-2025-67-5-1-q28-43,accountancy-2025-67-5-1-q29-32,2,False
accountancy-2025-67-5-1-q29-32,accountancy-2025-67-5-1-q30-45,2,False
accountancy-2025-67-5-1-q30-45,accountancy-2025-67-5-1-q31-34,2,False
accountancy-2025-67-5-1-q32-35,accountancy-2025-67-5-1-q33-48,2,False
accountancy-2025-67-5-2-q24-26,accountancy-2025-67-5-2-q26-29,2,False
accountancy-2025-67-5-2-q26-29,accountancy-2025-67-5-2-q32-36,2,False
accountancy-2025-67-5-3-q25-27,accountancy-2025-67-5-3-q26-28,2,False
accountancy-2025-67-5-3-q27-30,accountancy-2025-67-5-3-q31-34,2,False
accountancy-2025-67-6-1-q1-1,accountancy-2025-67-6-1-q2-2,2,False
accountancy-2025-67-6-1-q2-2,accountancy-2025-67-6-1-q3-3,2,False
accountancy-2025-67-6-1-q4-4,accountancy-2025-67-6-1-q5-6,2,False
accountancy-2025-67-6-1-q5-6,accountancy-2025-67-6-1-q7-8,2,False
accountancy-2025-67-6-1-q7-8,accountancy-2025-67-6-1-q8-9,2,False
accountancy-2025-67-6-1-q9-10,accountancy-2025-67-6-1-q10-11,2,False
accountancy-2025-67-6-1-q11-12,accountancy-2025-67-6-1-q12-13,2,False
accountancy-2025-67-6-1-q15-16,accountancy-2025-67-6-1-q17-18,2,False
accountancy-2025-67-6-1-q20-21,accountancy-2025-67-6-1-q21-22,2,False
accountancy-2025-67-6-1-q21-22,accountancy-2025-67-6-1-q22-23,2,False
accountancy-2025-67-6-1-q27-31,accountancy-2025-67-6-1-q29-32,2,False
accountancy-2025-67-6-1-q30-45,accountancy-2025-67-6-1-q31-34,2,False
accountancy-2025-67-6-1-q31-34,accountancy-2025-67-6-1-q32-35,2,False
accountancy-2025-67-6-1-q32-35,accountancy-2025-67-6-1-q33-36,2,False
accountancy-2025-67-6-2-q10-10,accountancy-2025-67-6-2-q16-17,2,False
accountancy-2025-67-6-2-q16-17,accountancy-2025-67-6-2-q17-18,2,False
accountancy-2025-67-6-2-q21-22,accountancy-2025-67-6-2-q22-23,2,False
accountancy-2025-67-6-2-q22-23,accountancy-2025-67-6-2-q23-24,2,False
accountancy-2025-67-6-2-q25-28,accountancy-2025-67-6-2-q26-29,2,False
accountancy-2025-67-6-2-q28-32,accountancy-2025-67-6-2-q30-33,2,False
accountancy-2025-67-6-2-q30-33,accountancy-2025-67-6-2-q31-34,2,False
accountancy-2025-67-6-2-q31-34,accountancy-2025-67-6-2-q32-35,2,False
accountancy-2025-67-6-3-q11-11,accountancy-2025-67-6-3-q12-12,2,False
accountancy-2025-67-6-3-q12-12,accountancy-2025-67-6-3-q17-17,2,False
accountancy-2025-67-6-3-q17-17,accountancy-2025-67-6-3-q21-21,2,False
accountancy-2025-67-6-3-q25-26,accountancy-2025-67-6-3-q26-28,2,False
accountancy-2025-67-7-1-q1-1,accountancy-2025-67-7-1-q2-2,2,False
accountancy-2025-67-7-1-q2-2,accountancy-2025-67-7-1-q3-3,2,False
accountancy-2025-67-7-1-q3-3,accountancy-2025-67-7-1-q4-4,2,False
accountancy-2025-67-7-1-q8-8,accountancy-2025-67-7-1-q10-10,2,False
accountancy-2025-67-7-1-q11-11,accountancy-2025-67-7-1-q12-12,2,False
accountancy-2025-67-7-1-q12-12,accountancy-2025-67-7-1-q13-13,2,False
accountancy-2025-67-7-1-q14-14,accountancy-2025-67-7-1-q15-15,2,False
accountancy-2025-67-7-1-q30-43,accountancy-2025-67-7-1-q31-34,2,False
accountancy-2025-67-7-1-q31-34,accountancy-2025-67-7-1-q32-35,2,False
accountancy-2025-67-7-1-q33-46,accountancy-2025-67-7-1-q34-37,2,False
accountancy-2025-67-7-2-q13-13,accountancy-2025-67-7-2-q21-21,2,False
accountancy-2025-67-7-2-q26-29,accountancy-2025-67-7-2-q28-42,2,False
accountancy-2025-67-7-2-q32-35,accountancy-2025-67-7-2-q33-49,2,False
accountancy-2025-67-7-3-q2-40,accountancy-2025-67-7-3-q3-3,2,False
accountancy-2025-67-7-3-q27-43,accountancy-2025-67-7-3-q29-33,2,False
accountancy-2025-67-7-3-q29-33,accountancy-2025-67-7-3-q31-35,2,False
accountancy-2025-67-7-3-q32-36,accountancy-2025-67-7-3-q34-42,2,False
business-studies-2025-26-sqp-q2-2,business-studies-2025-26-sqp-q3-3,2,False
business-studies-2025-26-sqp-q3-3,business-studies-2025-26-sqp-q4-4,2,False
business-studies-2025-26-sqp-q4-4,business-studies-2025-26-sqp-q5-5,2,False
business-studies-2025-26-sqp-q6-6,business-studies-2025-26-sqp-q7-7,2,False
business-studies-2025-26-sqp-q7-7,business-studies-2025-26-sqp-q8-8,2,False
business-studies-2025-26-sqp-q10-10,business-studies-2025-26-sqp-q11-11,2,False
business-studies-2025-26-sqp-q12-12,business-studies-2025-26-sqp-q13-13,2,False
business-studies-2025-26-sqp-q18-18,business-studies-2025-26-sqp-q19-19,2,False
business-studies-2025-26-sqp-q19-19,business-studies-2025-26-sqp-q20-20,2,False
economics-2025-26-sqp-q1-1,economics-2025-26-sqp-q2-2,2,False
economics-2025-26-sqp-q2-2,economics-2025-26-sqp-q3-3,2,False
economics-2025-26-sqp-q3-3,economics-2025-26-sqp-q4-4,2,False
economics-2025-26-sqp-q5-5,economics-2025-26-sqp-q6-6,2,False
economics-2025-26-sqp-q6-6,economics-2025-26-sqp-q7-7,2,False
economics-2025-26-sqp-q8-8,economics-2025-26-sqp-q9-9,2,False
economics-2025-26-sqp-q9-9,economics-2025-26-sqp-q10-10,2,False
economics-2025-26-sqp-q10-10,economics-2025-26-sqp-q11-11,2,False
economics-2025-26-sqp-q11-11,economics-2025-26-sqp-q12-12,2,False
economics-2025-26-sqp-q16-16,economics-2025-26-sqp-q17-17,2,False
economics-2025-26-sqp-q18-18,economics-2025-26-sqp-q19-19,2,False
economics-2025-26-sqp-q22-22,economics-2025-26-sqp-q23-23,2,False
economics-2025-26-sqp-q24-24,economics-2025-26-sqp-q25-25,2,False
economics-2025-26-sqp-q25-25,economics-2025-26-sqp-q26-26,2,False
economics-2025-26-sqp-q26-26,economics-2025-26-sqp-q27-27,2,False
