merged_row_id,merged_into_id,split_score
accountancy-2024-67-1-1-q1-1-or-b,accountancy-2024-67-1-1-q1-1,3
accountancy-2024-67-1-1-q13-13-or-b,accountancy-2024-67-1-1-q13-13,4
accountancy-2024-67-1-1-q14-14,accountancy-2024-67-1-1-q13-13-or-b,5
accountancy-2024-67-1-1-q14-14-or-b,accountancy-2024-67-1-1-q14-14,4
accountancy-2024-67-1-1-q15-15,accountancy-2024-67-1-1-q14-14-or-b,5
accountancy-2024-67-1-1-q15-15-or-b,accountancy-2024-67-1-1-q15-15,4
accountancy-2024-67-1-1-q16-16,accountancy-2024-67-1-1-q15-15-or-b,5
accountancy-2024-67-1-1-q16-16-or-b,accountancy-2024-67-1-1-q16-16,4
accountancy-2024-67-1-1-q17-17,accountancy-2024-67-1-1-q16-16-or-b,2
accountancy-2024-67-1-1-q19-19-or-b,accountancy-2024-67-1-1-q19-19,3
accountancy-2024-67-1-1-q20-20-or-b,accountancy-2024-67-1-1-q20-20,3
accountancy-2024-67-1-1-q25-25-or-b,accountancy-2024-67-1-1-q25-25,3
accountancy-2024-67-1-1-q26-26-or-b,accountancy-2024-67-1-1-q26-26,2
accountancy-2024-67-1-1-q27-34,accountancy-2024-67-1-1-q27-27,2
accountancy-2024-67-1-1-q28-35,accountancy-2024-67-1-1-q28-28,5
accountancy-2024-67-1-1-q28-35-or-b,accountancy-2024-67-1-1-q28-35,4
accountancy-2024-67-1-1-q29-29,accountancy-2024-67-1-1-q28-35-or-b,5
accountancy-2024-67-1-1-q29-29-or-b,accountancy-2024-67-1-1-q29-29,4
accountancy-2024-67-1-1-q29-36,accountancy-2024-67-1-1-q29-29-or-b,4
accountancy-2024-67-1-1-q30-30-or-b,accountancy-2024-67-1-1-q30-30,3
accountancy-2024-67-1-1-q30-37-or-b,accountancy-2024-67-1-1-q30-37,4
accountancy-2024-67-1-1-q31-31,accountancy-2024-67-1-1-q30-37-or-b,2
accountancy-2024-67-1-1-q32-38,accountancy-2024-67-1-1-q32-32,2
accountancy-2024-67-1-1-q33-33-or-b,accountancy-2024-67-1-1-q33-33,5
accountancy-2024-67-1-1-q33-39-or-b,accountancy-2024-67-1-1-q33-39,3
accountancy-2024-67-1-2-q10-10-or-b,accountancy-2024-67-1-2-q10-10,3
accountancy-2024-67-1-2-q11-11-or-b,accountancy-2024-67-1-2-q11-11,3
accountancy-2024-67-1-2-q16-16-or-b,accountancy-2024-67-1-2-q16-16,3
accountancy-2024-67-1-2-q25-25-or-b,accountancy-2024-67-1-2-q25-25,3
accountancy-2024-67-1-2-q26-26-or-b,accountancy-2024-67-1-2-q26-26,5
accountancy-2024-67-1-2-q27-27-or-b,accountancy-2024-67-1-2-q27-27,3
accountancy-2024-67-1-2-q27-35-or-b,accountancy-2024-67-1-2-q27-35,5
accountancy-2024-67-1-2-q29-37,accountancy-2024-67-1-2-q29-29,2
accountancy-2024-67-1-2-q29-37-or-b,accountancy-2024-67-1-2-q29-37,4
accountancy-2024-67-1-2-q30-30,accountancy-2024-67-1-2-q29-37-or-b,4
accountancy-2024-67-1-2-q31-39,accountancy-2024-67-1-2-q31-31,2
accountancy-2024-67-1-2-q33-33-or-b,accountancy-2024-67-1-2-q33-33,4
accountancy-2024-67-1-2-q33-40,accountancy-2024-67-1-2-q33-33-or-b,5
accountancy-2024-67-1-2-q33-40-or-b,accountancy-2024-67-1-2-q33-40,4
accountancy-2024-67-1-2-q34-34,accountancy-2024-67-1-2-q33-40-or-b,4
accountancy-2024-67-1-2-q4-4-or-b,accountancy-2024-67-1-2-q4-4,3
accountancy-2024-67-1-2-q9-9-or-b,accountancy-2024-67-1-2-q9-9,4
accountancy-2024-67-1-3-q1-1-or-b,accountancy-2024-67-1-3-q1-1,3
accountancy-2024-67-1-3-q13-13-or-b,accountancy-2024-67-1-3-q11-11,3
accountancy-2024-67-1-3-q14-14-or-b,accountancy-2024-67-1-3-q14-14,4
accountancy-2024-67-1-3-q2-2-or-b,accountancy-2024-67-1-3-q1-1,4
accountancy-2024-67-1-3-q28-35-or-b,accountancy-2024-67-1-3-q26-26,3
accountancy-2024-67-1-3-q30-37-or-b,accountancy-2024-67-1-3-q30-37,4
accountancy-2024-67-1-3-q31-31,accountancy-2024-67-1-3-q30-37-or-b,4
accountancy-2024-67-1-3-q31-38,accountancy-2024-67-1-3-q31-31,2
accountancy-2024-67-1-3-q6-6,accountancy-2024-67-1-3-q2-2-or-b,4
accountancy-2024-67-2-1-q1-1-or-b,accountancy-2024-67-2-1-q1-1,4
accountancy-2024-67-2-1-q12-12-or-b,accountancy-2024-67-2-1-q12-12,4
accountancy-2024-67-2-1-q13-13,accountancy-2024-67-2-1-q12-12-or-b,4
accountancy-2024-67-2-1-q17-17-or-b,accountancy-2024-67-2-1-q17-17,3
accountancy-2024-67-2-1-q19-19-or-b,accountancy-2024-67-2-1-q19-19,4
accountancy-2024-67-2-1-q2-2,accountancy-2024-67-2-1-q1-1-or-b,4
accountancy-2024-67-2-1-q20-20,accountancy-2024-67-2-1-q19-19-or-b,2
accountancy-2024-67-2-1-q25-25-or-b,accountancy-2024-67-2-1-q25-25,2
accountancy-2024-67-2-1-q26-26-or-b,accountancy-2024-67-2-1-q26-26,2
accountancy-2024-67-2-1-q27-27-or-b,accountancy-2024-67-2-1-q27-27,4
accountancy-2024-67-2-1-q28-28,accountancy-2024-67-2-1-q27-27-or-b,3
accountancy-2024-67-2-1-q28-35-or-b,accountancy-2024-67-2-1-q28-35,4
accountancy-2024-67-2-1-q29-29,accountancy-2024-67-2-1-q28-35-or-b,4
accountancy-2024-67-2-1-q29-36,accountancy-2024-67-2-1-q29-29,4
accountancy-2024-67-2-1-q31-38,accountancy-2024-67-2-1-q31-31,4
accountancy-2024-67-2-1-q33-33-or-b,accountancy-2024-67-2-1-q33-33,4
accountancy-2024-67-2-1-q33-39,accountancy-2024-67-2-1-q33-33-or-b,5
accountancy-2024-67-2-1-q33-39-or-b,accountancy-2024-67-2-1-q33-39,4
accountancy-2024-67-2-1-q34-34,accountancy-2024-67-2-1-q33-39-or-b,4
accountancy-2024-67-2-1-q34-40,accountancy-2024-67-2-1-q34-34,4
accountancy-2024-67-2-1-q4-4-or-b,accountancy-2024-67-2-1-q4-4,4
accountancy-2024-67-2-1-q5-5,accountancy-2024-67-2-1-q4-4-or-b,4
accountancy-2024-67-2-2-q17-17-or-b,accountancy-2024-67-2-2-q17-17,3
accountancy-2024-67-2-2-q19-19-or-b,accountancy-2024-67-2-2-q19-19,4
accountancy-2024-67-2-2-q20-20,accountancy-2024-67-2-2-q19-19-or-b,2
accountancy-2024-67-2-2-q25-25-or-b,accountancy-2024-67-2-2-q25-25,3
accountancy-2024-67-2-2-q26-26-or-b,accountancy-2024-67-2-2-q26-26,2
accountancy-2024-67-2-2-q28-28-or-b,accountancy-2024-67-2-2-q28-28,4
accountancy-2024-67-2-2-q30-30,accountancy-2024-67-2-2-q29-37-or-b,2
accountancy-2024-67-2-2-q33-33-or-b,accountancy-2024-67-2-2-q33-33,4
accountancy-2024-67-2-2-q33-39-or-b,accountancy-2024-67-2-2-q33-39,4
accountancy-2024-67-2-2-q34-34,accountancy-2024-67-2-2-q33-39-or-b,4
accountancy-2024-67-2-2-q5-5-or-b,accountancy-2024-67-2-2-q5-5,4
accountancy-2024-67-2-2-q7-7-or-b,accountancy-2024-67-2-2-q7-7,4
accountancy-2024-67-2-2-q9-9-or-b,accountancy-2024-67-2-2-q9-9,4
accountancy-2024-67-2-3-q13-13-or-b,accountancy-2024-67-2-3-q13-13,5
accountancy-2024-67-2-3-q19-19-or-b,accountancy-2024-67-2-3-q19-19,4
accountancy-2024-67-2-3-q20-20,accountancy-2024-67-2-3-q19-19-or-b,2
accountancy-2024-67-2-3-q29-37,accountancy-2024-67-2-3-q29-29,2
accountancy-2024-67-2-3-q30-30-or-b,accountancy-2024-67-2-3-q30-30,4
accountancy-2024-67-2-3-q30-38-or-b,accountancy-2024-67-2-3-q30-38,3
accountancy-2024-67-2-3-q33-33-or-b,accountancy-2024-67-2-3-q33-33,4
accountancy-2024-67-2-3-q4-4-or-b,accountancy-2024-67-2-3-q4-4,4
accountancy-2024-67-3-1-q1-1-or-b,accountancy-2024-67-3-1-q1-1,3
accountancy-2024-67-3-1-q13-13-or-b,accountancy-2024-67-3-1-q13-13,4
accountancy-2024-67-3-1-q14-14,accountancy-2024-67-3-1-q13-13-or-b,4
accountancy-2024-67-3-1-q15-15-or-b,accountancy-2024-67-3-1-q15-15,3
accountancy-2024-67-3-1-q16-16-or-b,accountancy-2024-67-3-1-q16-16,4
accountancy-2024-67-3-1-q17-17,accountancy-2024-67-3-1-q16-16-or-b,2
accountancy-2024-67-3-1-q19-19-or-b,accountancy-2024-67-3-1-q19-19,4
accountancy-2024-67-3-1-q20-20,accountancy-2024-67-3-1-q19-19-or-b,5
accountancy-2024-67-3-1-q20-20-or-b,accountancy-2024-67-3-1-q20-20,4
accountancy-2024-67-3-1-q21-21,accountancy-2024-67-3-1-q20-20-or-b,4
accountancy-2024-67-3-1-q25-25-or-b,accountancy-2024-67-3-1-q25-25,3
accountancy-2024-67-3-1-q26-26-or-b,accountancy-2024-67-3-1-q26-26,5
accountancy-2024-67-3-1-q27-35,accountancy-2024-67-3-1-q27-27,2
accountancy-2024-67-3-1-q28-36,accountancy-2024-67-3-1-q28-28,5
accountancy-2024-67-3-1-q28-36-or-b,accountancy-2024-67-3-1-q28-36,4
accountancy-2024-67-3-1-q29-29,accountancy-2024-67-3-1-q28-36-or-b,5
accountancy-2024-67-3-1-q29-29-or-b,accountancy-2024-67-3-1-q29-29,4
accountancy-2024-67-3-1-q29-37,accountancy-2024-67-3-1-q29-29-or-b,4
accountancy-2024-67-3-1-q3-3-or-b,accountancy-2024-67-3-1-q3-3,4
accountancy-2024-67-3-1-q30-30-or-b,accountancy-2024-67-3-1-q30-30,3
accountancy-2024-67-3-1-q30-38-or-b,accountancy-2024-67-3-1-q30-38,4
accountancy-2024-67-3-1-q31-31,accountancy-2024-67-3-1-q30-38-or-b,4
accountancy-2024-67-3-1-q31-39,accountancy-2024-67-3-1-q31-31,2
accountancy-2024-67-3-1-q32-40,accountancy-2024-67-3-1-q32-32,2
accountancy-2024-67-3-1-q33-33-or-b,accountancy-2024-67-3-1-q33-33,4
accountancy-2024-67-3-1-q33-41,accountancy-2024-67-3-1-q33-33-or-b,5
accountancy-2024-67-3-1-q33-41-or-b,accountancy-2024-67-3-1-q33-41,5
accountancy-2024-67-3-1-q4-4,accountancy-2024-67-3-1-q3-3-or-b,2
accountancy-2024-67-3-2-q10-10-or-b,accountancy-2024-67-3-2-q10-10,3
accountancy-2024-67-3-2-q11-11-or-b,accountancy-2024-67-3-2-q11-11,4
accountancy-2024-67-3-2-q12-12-or-b,accountancy-2024-67-3-2-q12-12,4
accountancy-2024-67-3-2-q13-13,accountancy-2024-67-3-2-q12-12-or-b,4
accountancy-2024-67-3-2-q19-19-or-b,accountancy-2024-67-3-2-q19-19,4
accountancy-2024-67-3-2-q20-20-or-b,accountancy-2024-67-3-2-q20-20,3
accountancy-2024-67-3-2-q25-25-or-b,accountancy-2024-67-3-2-q25-25,3
accountancy-2024-67-3-2-q26-26-or-b,accountancy-2024-67-3-2-q26-26,2
accountancy-2024-67-3-2-q27-27-or-b,accountancy-2024-67-3-2-q26-26,4
accountancy-2024-67-3-2-q27-35-or-b,accountancy-2024-67-3-2-q27-35,4
accountancy-2024-67-3-2-q28-28,accountancy-2024-67-3-2-q27-35-or-b,5
accountancy-2024-67-3-2-q29-29,accountancy-2024-67-3-2-q27-27-or-b,2
accountancy-2024-67-3-2-q29-37-or-b,accountancy-2024-67-3-2-q29-37,4
accountancy-2024-67-3-2-q30-30,accountancy-2024-67-3-2-q29-37-or-b,4
accountancy-2024-67-3-2-q30-38,accountancy-2024-67-3-2-q30-30,2
accountancy-2024-67-3-2-q33-33-or-b,accountancy-2024-67-3-2-q33-33,4
accountancy-2024-67-3-2-q33-39,accountancy-2024-67-3-2-q33-33-or-b,5
accountancy-2024-67-3-2-q33-39-or-b,accountancy-2024-67-3-2-q33-39,5
accountancy-2024-67-3-2-q9-9-or-b,accountancy-2024-67-3-2-q9-9,3
accountancy-2024-67-3-3-q10-10-or-b,accountancy-2024-67-3-3-q10-10,4
accountancy-2024-67-3-3-q11-11,accountancy-2024-67-3-3-q10-10-or-b,5
accountancy-2024-67-3-3-q11-11-or-b,accountancy-2024-67-3-3-q11-11,3
accountancy-2024-67-3-3-q12-12-or-b,accountancy-2024-67-3-3-q12-12,4
accountancy-2024-67-3-3-q13-13,accountancy-2024-67-3-3-q12-12-or-b,2
accountancy-2024-67-3-3-q19-19-or-b,accountancy-2024-67-3-3-q19-19,4
accountancy-2024-67-3-3-q20-20,accountancy-2024-67-3-3-q19-19-or-b,5
accountancy-2024-67-3-3-q20-20-or-b,accountancy-2024-67-3-3-q20-20,4
accountancy-2024-67-3-3-q21-21,accountancy-2024-67-3-3-q20-20-or-b,4
accountancy-2024-67-3-3-q25-25-or-b,accountancy-2024-67-3-3-q25-25,3
accountancy-2024-67-3-3-q28-28-or-b,accountancy-2024-67-3-3-q26-26,4
accountancy-2024-67-3-3-q28-36-or-b,accountancy-2024-67-3-3-q28-36,4
accountancy-2024-67-3-3-q30-30,accountancy-2024-67-3-3-q28-28-or-b,2
accountancy-2024-67-3-3-q30-38-or-b,accountancy-2024-67-3-3-q30-38,4
accountancy-2024-67-3-3-q31-31,accountancy-2024-67-3-3-q30-38-or-b,4
accountancy-2024-67-3-3-q31-39,accountancy-2024-67-3-3-q31-31,2
accountancy-2024-67-3-3-q33-40,accountancy-2024-67-3-3-q33-33-or-b,5
accountancy-2024-67-3-3-q33-40-or-b,accountancy-2024-67-3-3-q33-40,5
accountancy-2024-67-3-3-q6-6-or-b,accountancy-2024-67-3-3-q6-6,5
accountancy-2025-26-sqp-q27-38,accountancy-2025-26-sqp-q27-29,2
accountancy-2025-26-sqp-q28-39,accountancy-2025-26-sqp-q28-31,2
accountancy-2025-26-sqp-q29-40,accountancy-2025-26-sqp-q29-32-or-b,4
accountancy-2025-26-sqp-q30-33,accountancy-2025-26-sqp-q29-32-or-b,3
accountancy-2025-26-sqp-q30-41,accountancy-2025-26-sqp-q29-32-or-b,2
accountancy-2025-26-sqp-q31-42,accountancy-2025-26-sqp-q31-34-or-b,2
accountancy-2025-26-sqp-q32-35,accountancy-2025-26-sqp-q31-34-or-b,4
accountancy-2025-26-sqp-q8-8-or-b,accountancy-2025-26-sqp-q8-8,3
accountancy-2025-26-sqp-q9-9,accountancy-2025-26-sqp-q8-8-or-b,4
accountancy-2025-67-4-1-q1-24,accountancy-2025-67-4-1-q1-1,4
accountancy-2025-67-4-1-q13-12-or-b,accountancy-2025-67-4-1-q13-12,3
accountancy-2025-67-4-1-q14-13-or-b,accountancy-2025-67-4-1-q14-13,4
accountancy-2025-67-4-1-q15-14,accountancy-2025-67-4-1-q14-13-or-b,2
accountancy-2025-67-4-1-q15-14-or-b,accountancy-2025-67-4-1-q15-14,4
accountancy-2025-67-4-1-q16-15,accountancy-2025-67-4-1-q15-14-or-b,5
accountancy-2025-67-4-1-q16-15-or-b,accountancy-2025-67-4-1-q16-15,3
accountancy-2025-67-4-1-q19-18-or-b,accountancy-2025-67-4-1-q19-18,4
accountancy-2025-67-4-1-q20-19,accountancy-2025-67-4-1-q19-18-or-b,5
accountancy-2025-67-4-1-q20-19-or-b,accountancy-2025-67-4-1-q20-19,4
accountancy-2025-67-4-1-q21-20,accountancy-2025-67-4-1-q20-19-or-b,2
accountancy-2025-67-4-1-q25-26,accountancy-2025-67-4-1-q25-25,5
accountancy-2025-67-4-1-q25-26-or-b,accountancy-2025-67-4-1-q25-26,4
accountancy-2025-67-4-1-q26-27,accountancy-2025-67-4-1-q25-26-or-b,4
accountancy-2025-67-4-1-q27-37-or-b,accountancy-2025-67-4-1-q27-37,4
accountancy-2025-67-4-1-q28-31,accountancy-2025-67-4-1-q27-37-or-b,4
accountancy-2025-67-4-1-q29-32-or-b,accountancy-2025-67-4-1-q29-32,4
accountancy-2025-67-4-1-q29-39,accountancy-2025-67-4-1-q29-32-or-b,4
accountancy-2025-67-4-1-q30-33-or-b,accountancy-2025-67-4-1-q30-33,5
accountancy-2025-67-4-1-q30-40-or-b,accountancy-2025-67-4-1-q30-40,4
accountancy-2025-67-4-1-q31-34,accountancy-2025-67-4-1-q30-40-or-b,4
accountancy-2025-67-4-1-q31-41,accountancy-2025-67-4-1-q31-34,2
accountancy-2025-67-4-1-q32-42,accountancy-2025-67-4-1-q32-35,2
accountancy-2025-67-4-1-q33-36-or-b,accountancy-2025-67-4-1-q33-36,5
accountancy-2025-67-4-1-q33-43-or-b,accountancy-2025-67-4-1-q33-43,3
accountancy-2025-67-4-2-q13-12-or-b,accountancy-2025-67-4-2-q13-12,4
accountancy-2025-67-4-2-q16-15-or-b,accountancy-2025-67-4-2-q16-15,4
accountancy-2025-67-4-2-q17-16,accountancy-2025-67-4-2-q16-15-or-b,4
accountancy-2025-67-4-2-q19-18-or-b,accountancy-2025-67-4-2-q19-18,4
accountancy-2025-67-4-2-q20-19,accountancy-2025-67-4-2-q19-18-or-b,5
accountancy-2025-67-4-2-q20-19-or-b,accountancy-2025-67-4-2-q20-19,3
accountancy-2025-67-4-2-q23-23,accountancy-2025-67-4-2-q23-22,2
accountancy-2025-67-4-2-q27-31-or-b,accountancy-2025-67-4-2-q27-30,3
accountancy-2025-67-4-2-q27-38-or-b,accountancy-2025-67-4-2-q27-38,4
accountancy-2025-67-4-2-q30-41-or-b,accountancy-2025-67-4-2-q30-41,4
accountancy-2025-67-4-2-q31-35,accountancy-2025-67-4-2-q30-41-or-b,4
accountancy-2025-67-4-2-q33-44-or-b,accountancy-2025-67-4-2-q33-44,5
accountancy-2025-67-4-3-q12-11-or-b,accountancy-2025-67-4-3-q11-10,4
accountancy-2025-67-4-3-q16-15-or-b,accountancy-2025-67-4-3-q16-15,4
accountancy-2025-67-4-3-q17-16,accountancy-2025-67-4-3-q16-15-or-b,4
accountancy-2025-67-4-3-q18-17,accountancy-2025-67-4-3-q12-11-or-b,4
accountancy-2025-67-4-3-q19-18-or-b,accountancy-2025-67-4-3-q19-18,4
accountancy-2025-67-4-3-q20-19-or-b,accountancy-2025-67-4-3-q20-19,4
accountancy-2025-67-4-3-q21-20,accountancy-2025-67-4-3-q20-19-or-b,2
accountancy-2025-67-4-3-q23-23,accountancy-2025-67-4-3-q23-22,2
accountancy-2025-67-4-3-q24-25-or-b,accountancy-2025-67-4-3-q24-25,2
accountancy-2025-67-4-3-q26-29,accountancy-2025-67-4-3-q26-28,5
accountancy-2025-67-4-3-q26-29-or-b,accountancy-2025-67-4-3-q26-29,5
accountancy-2025-67-4-3-q27-30-or-b,accountancy-2025-67-4-3-q27-30,4
accountancy-2025-67-4-3-q28-38-or-b,accountancy-2025-67-4-3-q28-38,3
accountancy-2025-67-4-3-q29-39-or-b,accountancy-2025-67-4-3-q29-39,4
accountancy-2025-67-5-1-q12-12-or-b,accountancy-2025-67-5-1-q12-12,4
accountancy-2025-67-5-1-q13-13,accountancy-2025-67-5-1-q12-12-or-b,4
accountancy-2025-67-5-1-q15-15-or-b,accountancy-2025-67-5-1-q15-15,4
accountancy-2025-67-5-1-q16-16,accountancy-2025-67-5-1-q15-15-or-b,4
accountancy-2025-67-5-1-q18-18-or-b,accountancy-2025-67-5-1-q18-18,3
accountancy-2025-67-5-1-q19-19-or-b,accountancy-2025-67-5-1-q19-19,3
accountancy-2025-67-5-1-q2-2-or-b,accountancy-2025-67-5-1-q2-2,4
accountancy-2025-67-5-1-q2-36,accountancy-2025-67-5-1-q2-2-or-b,4
accountancy-2025-67-5-1-q2-38,accountancy-2025-67-5-1-q2-36,2
accountancy-2025-67-5-1-q24-25-or-b,accountancy-2025-67-5-1-q24-25,3
accountancy-2025-67-5-1-q26-29,accountancy-2025-67-5-1-q26-28,4
accountancy-2025-67-5-1-q27-30-or-b,accountancy-2025-67-5-1-q27-30,5
accountancy-2025-67-5-1-q27-42-or-b,accountancy-2025-67-5-1-q27-42,3
accountancy-2025-67-5-1-q29-32-or-b,accountancy-2025-67-5-1-q29-32,4
accountancy-2025-67-5-1-q29-44,accountancy-2025-67-5-1-q29-32-or-b,5
accountancy-2025-67-5-1-q29-44-or-b,accountancy-2025-67-5-1-q29-44,4
accountancy-2025-67-5-1-q3-37,accountancy-2025-67-5-1-q3-3,2
accountancy-2025-67-5-1-q30-33,accountancy-2025-67-5-1-q29-44-or-b,4
accountancy-2025-67-5-1-q31-46,accountancy-2025-67-5-1-q31-34,2
accountancy-2025-67-5-1-q32-47,accountancy-2025-67-5-1-q32-35,2
accountancy-2025-67-5-1-q33-48-or-b,accountancy-2025-67-5-1-q33-48,4
accountancy-2025-67-5-1-q34-39,accountancy-2025-67-5-1-q33-48-or-b,4
accountancy-2025-67-5-1-q34-40,accountancy-2025-67-5-1-q34-39,4
accountancy-2025-67-5-1-q34-49,accountancy-2025-67-5-1-q34-40,4
accountancy-2025-67-5-1-q6-6-or-b,accountancy-2025-67-5-1-q6-6,4
accountancy-2025-67-5-1-q7-7,accountancy-2025-67-5-1-q6-6-or-b,4
accountancy-2025-67-5-1-q8-8-or-b,accountancy-2025-67-5-1-q8-8,3
accountancy-2025-67-5-2-q1-1-or-b,accountancy-2025-67-5-2-q1-1,4
accountancy-2025-67-5-2-q10-10-or-b,accountancy-2025-67-5-2-q10-10,4
accountancy-2025-67-5-2-q11-11,accountancy-2025-67-5-2-q10-10-or-b,2
accountancy-2025-67-5-2-q13-13,accountancy-2025-67-5-2-q8-8-or-b,2
accountancy-2025-67-5-2-q14-14-or-b,accountancy-2025-67-5-2-q14-14,4
accountancy-2025-67-5-2-q23-24,accountancy-2025-67-5-2-q23-23,3
accountancy-2025-67-5-2-q24-26-or-b,accountancy-2025-67-5-2-q24-26,4
accountancy-2025-67-5-2-q25-27,accountancy-2025-67-5-2-q24-26-or-b,4
accountancy-2025-67-5-2-q25-28,accountancy-2025-67-5-2-q25-27,2
accountancy-2025-67-5-2-q28-32-or-b,accountancy-2025-67-5-2-q26-29,5
accountancy-2025-67-5-2-q28-40-or-b,accountancy-2025-67-5-2-q28-40,4
accountancy-2025-67-5-2-q30-34-or-b,accountancy-2025-67-5-2-q28-32-or-b,5
accountancy-2025-67-5-2-q30-42-or-b,accountancy-2025-67-5-2-q30-42,4
accountancy-2025-67-5-2-q31-35,accountancy-2025-67-5-2-q30-42-or-b,4
accountancy-2025-67-5-2-q34-37,accountancy-2025-67-5-2-q33-45-or-b,4
accountancy-2025-67-5-2-q34-38,accountancy-2025-67-5-2-q34-37,4
accountancy-2025-67-5-2-q34-46,accountancy-2025-67-5-2-q32-36-or-b,4
accountancy-2025-67-5-2-q4-4-or-b,accountancy-2025-67-5-2-q4-4,4
accountancy-2025-67-5-2-q5-5,accountancy-2025-67-5-2-q4-4-or-b,2
accountancy-2025-67-5-2-q8-8-or-b,accountancy-2025-67-5-2-q7-7,4
accountancy-2025-67-5-3-q14-14-or-b,accountancy-2025-67-5-3-q14-14,3
accountancy-2025-67-5-3-q24-25-or-b,accountancy-2025-67-5-3-q24-25,3
accountancy-2025-67-5-3-q27-38-or-b,accountancy-2025-67-5-3-q27-38,4
accountancy-2025-67-5-3-q28-31-or-b,accountancy-2025-67-5-3-q28-31,4
accountancy-2025-67-5-3-q29-40-or-b,accountancy-2025-67-5-3-q29-40,4
accountancy-2025-67-5-3-q34-36,accountancy-2025-67-5-3-q33-44-or-b,4
accountancy-2025-67-5-3-q34-37,accountancy-2025-67-5-3-q34-36,4
accountancy-2025-67-5-3-q34-45,accountancy-2025-67-5-3-q32-35-or-b,4
accountancy-2025-67-5-3-q6-6-or-b,accountancy-2025-67-5-3-q6-6,4
accountancy-2025-67-5-3-q8-8-or-b,accountancy-2025-67-5-3-q8-8,3
accountancy-2025-67-6-1-q1-39,accountancy-2025-67-6-1-q1-1,2
accountancy-2025-67-6-1-q15-16-or-b,accountancy-2025-67-6-1-q15-16,4
accountancy-2025-67-6-1-q16-17,accountancy-2025-67-6-1-q15-16-or-b,4
accountancy-2025-67-6-1-q18-19-or-b,accountancy-2025-67-6-1-q18-19,3
accountancy-2025-67-6-1-q19-20-or-b,accountancy-2025-67-6-1-q19-20,5
accountancy-2025-67-6-1-q2-40,accountancy-2025-67-6-1-q2-2,2
accountancy-2025-67-6-1-q24-26-or-b,accountancy-2025-67-6-1-q24-26,3
accountancy-2025-67-6-1-q26-30,accountancy-2025-67-6-1-q26-29,4
accountancy-2025-67-6-1-q27-31-or-b,accountancy-2025-67-6-1-q27-31,4
accountancy-2025-67-6-1-q27-41,accountancy-2025-67-6-1-q27-31-or-b,4
accountancy-2025-67-6-1-q27-42,accountancy-2025-67-6-1-q27-31,2
accountancy-2025-67-6-1-q27-42-or-b,accountancy-2025-67-6-1-q27-42,4
accountancy-2025-67-6-1-q28-43,accountancy-2025-67-6-1-q27-42-or-b,4
accountancy-2025-67-6-1-q29-32-or-b,accountancy-2025-67-6-1-q29-32,3
accountancy-2025-67-6-1-q29-44-or-b,accountancy-2025-67-6-1-q29-44,4
accountancy-2025-67-6-1-q3-38,accountancy-2025-67-6-1-q3-3,4
accountancy-2025-67-6-1-q30-33,accountancy-2025-67-6-1-q29-44-or-b,4
accountancy-2025-67-6-1-q32-46,accountancy-2025-67-6-1-q32-35,2
accountancy-2025-67-6-1-q33-36-or-b,accountancy-2025-67-6-1-q33-36,4
accountancy-2025-67-6-1-q33-47,accountancy-2025-67-6-1-q33-36-or-b,5
accountancy-2025-67-6-1-q33-47-or-b,accountancy-2025-67-6-1-q33-47,4
accountancy-2025-67-6-1-q34-37,accountancy-2025-67-6-1-q33-47-or-b,4
accountancy-2025-67-6-1-q34-48,accountancy-2025-67-6-1-q34-37,4
accountancy-2025-67-6-1-q4-4-or-b,accountancy-2025-67-6-1-q4-4,4
accountancy-2025-67-6-1-q5-5,accountancy-2025-67-6-1-q4-4-or-b,3
accountancy-2025-67-6-1-q5-6-or-b,accountancy-2025-67-6-1-q5-6,4
accountancy-2025-67-6-1-q6-7,accountancy-2025-67-6-1-q5-6-or-b,5
accountancy-2025-67-6-1-q6-7-or-b,accountancy-2025-67-6-1-q6-7,3
accountancy-2025-67-6-1-q8-9-or-b,accountancy-2025-67-6-1-q8-9,3
accountancy-2025-67-6-2-q10-10-or-b,accountancy-2025-67-6-2-q10-10,4
accountancy-2025-67-6-2-q12-12-or-b,accountancy-2025-67-6-2-q12-12,4
accountancy-2025-67-6-2-q13-14-or-b,accountancy-2025-67-6-2-q13-14,4
accountancy-2025-67-6-2-q14-15-or-b,accountancy-2025-67-6-2-q14-15,4
accountancy-2025-67-6-2-q28-32-or-b,accountancy-2025-67-6-2-q28-32,3
accountancy-2025-67-6-2-q28-42-or-b,accountancy-2025-67-6-2-q28-42,3
accountancy-2025-67-6-2-q3-3-or-b,accountancy-2025-67-6-2-q3-3,3
accountancy-2025-67-6-2-q30-33-or-b,accountancy-2025-67-6-2-q30-33,4
accountancy-2025-67-6-2-q30-44-or-b,accountancy-2025-67-6-2-q30-44,3
accountancy-2025-67-6-2-q34-37,accountancy-2025-67-6-2-q33-46-or-b,4
accountancy-2025-67-6-2-q34-47,accountancy-2025-67-6-2-q34-37,4
accountancy-2025-67-6-3-q10-10-or-b,accountancy-2025-67-6-3-q1-1,3
accountancy-2025-67-6-3-q15-15-or-b,accountancy-2025-67-6-3-q15-15,4
accountancy-2025-67-6-3-q23-23-or-b,accountancy-2025-67-6-3-q23-23,3
accountancy-2025-67-6-3-q25-27,accountancy-2025-67-6-3-q25-26,2
accountancy-2025-67-6-3-q26-29,accountancy-2025-67-6-3-q26-28,5
accountancy-2025-67-6-3-q26-29-or-b,accountancy-2025-67-6-3-q26-29,4
accountancy-2025-67-6-3-q27-40,accountancy-2025-67-6-3-q26-29-or-b,4
accountancy-2025-67-6-3-q27-41-or-b,accountancy-2025-67-6-3-q26-28,3
accountancy-2025-67-6-3-q29-43-or-b,accountancy-2025-67-6-3-q29-43,4
accountancy-2025-67-6-3-q30-32-or-b,accountancy-2025-67-6-3-q27-41-or-b,4
accountancy-2025-67-6-3-q31-33,accountancy-2025-67-6-3-q30-32-or-b,2
accountancy-2025-67-6-3-q34-36,accountancy-2025-67-6-3-q33-46-or-b,4
accountancy-2025-67-6-3-q34-47,accountancy-2025-67-6-3-q34-36,4
accountancy-2025-67-6-3-q6-6-or-b,accountancy-2025-67-6-3-q6-6,4
accountancy-2025-67-6-3-q7-7,accountancy-2025-67-6-3-q6-6-or-b,5
accountancy-2025-67-6-3-q7-7-or-b,accountancy-2025-67-6-3-q7-7,4
accountancy-2025-67-6-3-q8-8-or-b,accountancy-2025-67-6-3-q8-8,4
accountancy-2025-67-6-3-q9-9,accountancy-2025-67-6-3-q8-8-or-b,2
accountancy-2025-67-7-1-q10-10-or-b,accountancy-2025-67-7-1-q10-10,2
accountancy-2025-67-7-1-q18-18-or-b,accountancy-2025-67-7-1-q18-18,3
accountancy-2025-67-7-1-q19-19-or-b,accountancy-2025-67-7-1-q19-19,4
accountancy-2025-67-7-1-q20-20,accountancy-2025-67-7-1-q19-19-or-b,2
accountancy-2025-67-7-1-q24-25-or-b,accountancy-2025-67-7-1-q24-25,5
accountancy-2025-67-7-1-q26-29,accountancy-2025-67-7-1-q26-28,4
accountancy-2025-67-7-1-q27-30-or-b,accountancy-2025-67-7-1-q27-30,3
accountancy-2025-67-7-1-q27-39-or-b,accountancy-2025-67-7-1-q27-39,5
accountancy-2025-67-7-1-q29-32-or-b,accountancy-2025-67-7-1-q29-32,3
accountancy-2025-67-7-1-q29-42-or-b,accountancy-2025-67-7-1-q29-42,4
accountancy-2025-67-7-1-q30-33,accountancy-2025-67-7-1-q29-42-or-b,4
accountancy-2025-67-7-1-q31-44,accountancy-2025-67-7-1-q31-34,2
accountancy-2025-67-7-1-q32-45,accountancy-2025-67-7-1-q32-35,2
accountancy-2025-67-7-1-q33-36-or-b,accountancy-2025-67-7-1-q33-36,5
accountancy-2025-67-7-1-q34-47,accountancy-2025-67-7-1-q34-37,4
accountancy-2025-67-7-1-q5-5-or-b,accountancy-2025-67-7-1-q5-5,2
accountancy-2025-67-7-1-q6-6-or-b,accountancy-2025-67-7-1-q6-6,3
accountancy-2025-67-7-1-q7-7-or-b,accountancy-2025-67-7-1-q7-7,3
accountancy-2025-67-7-1-q8-8-or-b,accountancy-2025-67-7-1-q8-8,4
accountancy-2025-67-7-1-q9-9,accountancy-2025-67-7-1-q8-8-or-b,2
accountancy-2025-67-7-2-q1-1-or-b,accountancy-2025-67-7-2-q1-1,4
accountancy-2025-67-7-2-q1-38,accountancy-2025-67-7-2-q1-1-or-b,2
accountancy-2025-67-7-2-q15-15-or-b,accountancy-2025-67-7-2-q13-13,2
accountancy-2025-67-7-2-q16-16-or-b,accountancy-2025-67-7-2-q15-15-or-b,4
accountancy-2025-67-7-2-q17-17,accountancy-2025-67-7-2-q16-16-or-b,4
accountancy-2025-67-7-2-q18-18-or-b,accountancy-2025-67-7-2-q18-18,3
accountancy-2025-67-7-2-q19-19-or-b,accountancy-2025-67-7-2-q19-19,4
accountancy-2025-67-7-2-q2-2-or-b,accountancy-2025-67-7-2-q2-2,4
accountancy-2025-67-7-2-q2-36,accountancy-2025-67-7-2-q2-2-or-b,4
accountancy-2025-67-7-2-q2-39,accountancy-2025-67-7-2-q2-36,4
accountancy-2025-67-7-2-q20-20,accountancy-2025-67-7-2-q19-19-or-b,2
accountancy-2025-67-7-2-q23-24,accountancy-2025-67-7-2-q23-23,2
accountancy-2025-67-7-2-q24-26,accountancy-2025-67-7-2-q24-25,5
accountancy-2025-67-7-2-q24-26-or-b,accountancy-2025-67-7-2-q24-26,4
accountancy-2025-67-7-2-q25-27,accountancy-2025-67-7-2-q24-26-or-b,4
accountancy-2025-67-7-2-q28-31-or-b,accountancy-2025-67-7-2-q26-29,3
accountancy-2025-67-7-2-q28-44-or-b,accountancy-2025-67-7-2-q28-44,4
accountancy-2025-67-7-2-q29-32-or-b,accountancy-2025-67-7-2-q29-32,4
accountancy-2025-67-7-2-q30-46-or-b,accountancy-2025-67-7-2-q28-42,2
accountancy-2025-67-7-3-q11-11-or-b,accountancy-2025-67-7-3-q3-3,2
accountancy-2025-67-7-3-q12-12-or-b,accountancy-2025-67-7-3-q12-12,4
accountancy-2025-67-7-3-q13-13,accountancy-2025-67-7-3-q12-12-or-b,4
accountancy-2025-67-7-3-q19-19-or-b,accountancy-2025-67-7-3-q19-19,4
accountancy-2025-67-7-3-q20-20,accountancy-2025-67-7-3-q19-19-or-b,2
accountancy-2025-67-7-3-q25-28-or-b,accountancy-2025-67-7-3-q25-28,4
accountancy-2025-67-7-3-q26-29,accountancy-2025-67-7-3-q25-28-or-b,4
accountancy-2025-67-7-3-q28-32-or-b,accountancy-2025-67-7-3-q28-32,4
accountancy-2025-67-7-3-q3-38,accountancy-2025-67-7-3-q3-3,4
accountancy-2025-67-7-3-q34-51,accountancy-2025-67-7-3-q34-42,4
accountancy-2025-67-7-3-q7-7-or-b,accountancy-2025-67-7-3-q7-7,3
accountancy-2025-67-7-3-q8-8-or-b,accountancy-2025-67-7-3-q8-8,4
accountancy-2025-67-7-3-q9-9,accountancy-2025-67-7-3-q8-8-or-b,2
business-studies-2025-26-sqp-q21-21-or-b,business-studies-2025-26-sqp-q21-21,2
business-studies-2025-26-sqp-q23-23-or-b,business-studies-2025-26-sqp-q23-23,2
business-studies-2025-26-sqp-q25-25-or-b,business-studies-2025-26-sqp-q25-25,3
business-studies-2025-26-sqp-q26-26-or-b,business-studies-2025-26-sqp-q26-26,4
business-studies-2025-26-sqp-q27-27,business-studies-2025-26-sqp-q26-26-or-b,4
business-studies-2025-26-sqp-q34-34-or-b,business-studies-2025-26-sqp-q34-34,2